"ID","COMPLEXITY","NAME","N TERMINUS","SEQUENCE","C TERMINUS","SYNTHESIS TYPE","TARGET GROUP","TARGET OBJECT"
"837","Monomer","","C12","KLlK","AMD","Synthetic","Gram+    Gram-    Fungus    Mammalian Cell","Lipid Bilayer"
"858","Monomer","","C12","KAaK","AMD","Synthetic","Gram+    Gram-    Fungus    Mammalian Cell","Lipid Bilayer"
"6200","Monomer","","C12","KLLK","","Synthetic","Gram+    Gram-","Lipid Bilayer"
"7298","Monomer","LP3","C12","X","AMD","Synthetic","Gram+    Gram-    Fungus","Lipid Bilayer"
"7319","Monomer","LP9","C12","XX","AMD","Synthetic","Gram+    Gram-    Fungus    Mammalian Cell","Lipid Bilayer"
"7340","Monomer","LP15","C12","XXX","AMD","Synthetic","Gram+    Gram-    Fungus    Mammalian Cell","Lipid Bilayer"
"7346","Monomer","LP21","C12","XXXX","AMD","Synthetic","Gram+    Gram-    Fungus    Mammalian Cell","Lipid Bilayer"
"7533","Monomer","","C12","XXWW","AMD","Synthetic","Gram+    Gram-    Fungus    Mammalian Cell","Lipid Bilayer"
"9267","Monomer","","C12","KPV","AMD","Synthetic","Gram+    Gram-    Fungus","Lipid Bilayer"
"9273","Monomer","","C12","KpT","AMD","Synthetic","Gram+    Gram-    Fungus","Lipid Bilayer"
"9308","Monomer","","C12","CKK","AMD","Synthetic","",""
"9838","Monomer","","C12","KK","AMD","Synthetic","Gram+    Gram-    Fungus    Mammalian Cell","Lipid Bilayer"
"10037","Monomer","","C12","XXC","AMD","Synthetic","Gram+    Gram-    Fungus    Mammalian Cell","Lipid Bilayer"
"10367","Monomer","","C12","K","AMD","Synthetic","Gram+    Gram-    Fungus    Mammalian Cell","Lipid Bilayer"
"10368","Monomer","","C12","KKK","AMD","Synthetic","Gram+    Gram-    Fungus    Mammalian Cell","Lipid Bilayer"
"10369","Monomer","","C12","KKKK","AMD","Synthetic","Gram+    Gram-    Fungus    Mammalian Cell","Lipid Bilayer"
"10370","Monomer","","C12","KG","AMD","Synthetic","Gram+    Gram-    Fungus    Mammalian Cell","Lipid Bilayer"
"10371","Monomer","","C12","KGK","AMD","Synthetic","Gram+    Gram-    Fungus    Mammalian Cell","Lipid Bilayer"
"10372","Monomer","","C12","KGKG","AMD","Synthetic","Gram+    Gram-    Fungus    Mammalian Cell","Lipid Bilayer"
"11020","Monomer","","C12","XKKK","AMD","Synthetic","Gram+    Gram-    Fungus    Mammalian Cell    Biofilm","Lipid Bilayer"
"12105","Monomer","","C12","RRRR","AMD","Synthetic","Gram+    Gram-    Fungus    Mammalian Cell","Lipid Bilayer"
"12346","Monomer","","C12","KWKW","","Synthetic","Gram+    Gram-    Cancer    Mammalian Cell","Lipid Bilayer"
"12361","Monomer","","C12","KKXK","AMD","Synthetic","Gram+    Gram-    Mammalian Cell","Lipid Bilayer"
"12650","Monomer","","C12","RFWR","AMD","Synthetic","Gram+    Gram-","Lipid Bilayer"
"12652","Monomer","","C12","RAWR","AMD","Synthetic","Gram+    Gram-","Lipid Bilayer"
"12653","Monomer","","C12","RCWR","AMD","Synthetic","Gram+    Gram-","Lipid Bilayer"
"12654","Monomer","","C12","RGWR","AMD","Synthetic","Gram+    Gram-","Lipid Bilayer"
"12655","Monomer","","C12","RHWR","AMD","Synthetic","Gram+    Gram-","Lipid Bilayer"
"12656","Monomer","","C12","RIWR","AMD","Synthetic","Gram+    Gram-    Fungus    Mammalian Cell","Lipid Bilayer"
"12657","Monomer","","C12","RLWR","AMD","Synthetic","Gram+    Gram-","Lipid Bilayer"
"12658","Monomer","","C12","RMWR","AMD","Synthetic","Gram+    Gram-    Fungus","Lipid Bilayer"
"12659","Monomer","","C12","RRWR","AMD","Synthetic","Gram+    Gram-    Fungus","Lipid Bilayer"
"12660","Monomer","","C12","RSWR","AMD","Synthetic","Gram+    Gram-","Lipid Bilayer"
"12661","Monomer","","C12","RVWR","AMD","Synthetic","Gram+    Gram-","Lipid Bilayer"
"12664","Monomer","","C12","RRFW","AMD","Synthetic","Gram+    Gram-    Fungus","Lipid Bilayer"
"12665","Monomer","","C12","RRIW","AMD","Synthetic","Gram+    Gram-    Fungus","Lipid Bilayer"
"14166","Monomer","","C12","KKC","AMD","Synthetic","",""
"14168","Monomer","","C12","KR","AMD","Synthetic","Gram+    Gram-","Lipid Bilayer"
"14282","Monomer","","C12","XKKK","AMD","Synthetic","Gram+    Gram-    Fungus    Mammalian Cell","Lipid Bilayer"
"14286","Monomer","","C12","XKKK","AMD","Synthetic","Gram+    Gram-    Fungus    Mammalian Cell","Lipid Bilayer"
"14669","Monomer","","C12","ELR","AMD","Synthetic","Gram+    Gram-    Mammalian Cell",""
"14903","Monomer","","C12","RR","AMD","Synthetic","Gram+    Gram-    Fungus    Mammalian Cell","Lipid Bilayer"
"14911","Monomer","","C12","FRR","AMD","Synthetic","Gram+    Gram-    Fungus    Mammalian Cell","Lipid Bilayer"
"14913","Monomer","","C12","GRR","AMD","Synthetic","Gram+    Gram-    Fungus    Mammalian Cell","Lipid Bilayer"
"14916","Monomer","","C12","IRR","AMD","Synthetic","Gram+    Gram-    Fungus    Mammalian Cell","Lipid Bilayer"
"14919","Monomer","","C12","LRR","AMD","Synthetic","Gram+    Gram-    Fungus    Mammalian Cell","Lipid Bilayer"
"14921","Monomer","","C12","MRR","AMD","Synthetic","Gram+    Gram-    Fungus    Mammalian Cell","Lipid Bilayer"
"14927","Monomer","","C12","XRR","AMD","Synthetic","Gram+    Gram-    Fungus    Mammalian Cell","Lipid Bilayer"
"14929","Monomer","","C12","XRR","AMD","Synthetic","Gram+    Gram-    Fungus    Mammalian Cell","Lipid Bilayer"
"14931","Monomer","","C12","PRR","AMD","Synthetic","Gram+    Gram-    Fungus    Mammalian Cell","Lipid Bilayer"
"14934","Monomer","C12-R3","C12","RRR","AMD","Synthetic","Gram+    Gram-    Fungus    Mammalian Cell","Lipid Bilayer"
"14936","Monomer","","C12","TRR","AMD","Synthetic","Gram+    Gram-    Fungus    Mammalian Cell","Lipid Bilayer"
"14938","Monomer","","C12","VRR","AMD","Synthetic","Gram+    Gram-    Fungus    Mammalian Cell","Lipid Bilayer"
"14941","Monomer","C12-W1","C12","WRR","AMD","Synthetic","Gram+    Gram-    Fungus    Mammalian Cell","Lipid Bilayer"
"14943","Monomer","","C12","YRR","AMD","Synthetic","Gram+    Gram-    Fungus    Mammalian Cell","Lipid Bilayer"
"15568","Monomer","","C12","KKWK","","Synthetic","Virus","Virus replication    Virus entry    gpHA"
"15569","Monomer","","C12","NKKN","","Synthetic","Virus","Virus replication    Virus entry    gpHA"
"16851","Monomer","","C12","fXXL","","Synthetic","Gram+    Gram-    Mammalian Cell","Lipid Bilayer"
"17734","Monomer","C12-R1","C12","RWW","AMD","Synthetic","Gram+    Gram-    Mammalian Cell","Lipid Bilayer"
"17740","Monomer","C12-R2","C12","RRW","AMD","Synthetic","Gram+    Gram-    Mammalian Cell","Lipid Bilayer"
"17783","Monomer","C12-W1R2","C12","RWR","AMD","Synthetic","Gram+    Gram-    Mammalian Cell","Lipid Bilayer"
"17844","Monomer","","C12","KLFK","AMD","Synthetic","Gram+    Gram-    Fungus    Mammalian Cell","Lipid Bilayer"
"18095","Monomer","","C12","XXXX","AMD","Synthetic","Gram+    Gram-    Fungus    Mammalian Cell","Lipid Bilayer"
"18270","Monomer","KR-4 [V4W]","C12","KRIW","AMD","Synthetic","Gram+    Gram-    Mammalian Cell","Lipid Bilayer"
"18794","Monomer","12-(Arg)4-12","C12","RRRR","C12H25-NH2","Synthetic","Gram+    Gram-    Cancer    Fungus    Biofilm","Lipid Bilayer"
"18795","Monomer","12-(Lys)4-12","C12","KKKK","C12H25-NH2","Synthetic","Gram+    Gram-    Cancer    Fungus    Biofilm","Lipid Bilayer"
"18796","Monomer","12-(His)4-12","C12","HHHH","C12H25-NH2","Synthetic","Gram+    Gram-    Cancer    Fungus    Biofilm","Lipid Bilayer"
"18853","Monomer","Carnosine","C12","XH","","Synthetic","Gram+    Gram-    Fungus    Mammalian Cell",""
"19630","Monomer","","C12","RIWR","","Synthetic","Gram+    Gram-","Lipid Bilayer"
"23369","Monomer","","C12","KRKK","AMD","Synthetic","Gram+    Gram-    Fungus    Mammalian Cell","Lipid Bilayer"
"23497","Monomer","","C12","XKXK","AMD","Synthetic","Gram+    Gram-    Fungus    Mammalian Cell","Lipid Bilayer"
"23499","Monomer","","C12","XKXK","AMD","Synthetic","Gram+    Gram-    Fungus    Mammalian Cell","Lipid Bilayer"
"23501","Monomer","","C12","XRXR","AMD","Synthetic","Gram+    Gram-    Fungus    Mammalian Cell","Lipid Bilayer"
"23503","Monomer","","C12","XKXK","AMD","Synthetic","Gram+    Gram-    Fungus    Mammalian Cell","Lipid Bilayer"
"23902","Monomer","MG01","C12","KLLK","AMD","Synthetic","Gram+    Gram-    Cancer    Fungus    Mammalian Cell","Lipid Bilayer"
"23905","Monomer","MG05","C12","XXXX","AMD","Synthetic","Gram+    Gram-    Cancer    Fungus    Mammalian Cell","Lipid Bilayer"
"23916","Monomer","","C12","X","C3H7-NH2","Synthetic","",""
"23923","Monomer","","C12","K","C3H7-NH2","Synthetic","",""
"23928","Monomer","","C12","R","C3H7-NH2","Synthetic","",""