Peptide ID,N TERMINUS,SEQUENCE,C TERMINUS,Normalized Hydrophobic Moment,Normalized Hydrophobicity,Net Charge,Isoelectric Point,Penetration Depth,Tilt Angle,Disordered Conformation Propensity,Linear Moment,Propensity to in vitro Aggregation,Angle Subtended by the Hydrophobic Residues,Amphiphilicity Index,Propensity to PPII coil
51,C16,KLlK,AMD,2.91,0.05,2.0,14.00,15,90,-0.27,0.50,0.00,200.00,1.84,0.85
838,C16,KAaK,AMD,2.27,1.05,2.0,14.00,30,90,-0.58,0.50,0.00,200.00,1.84,0.91
860,C16,KGGk,AMD,1.56,2.15,2.0,14.00,30,90,-0.92,0.00,0.00,0.00,1.84,0.66
862,C16,KKkK,AMD,0.44,3.90,4.0,14.00,30,90,-1.97,0.00,0.00,0.00,3.67,0.91
863,C16,KkEK,AMD,0.51,3.80,2.0,10.98,30,87,-1.43,0.00,0.00,0.00,3.07,0.87
864,C16,GIGk,AMD,2.10,0.05,1.0,14.00,14,57,-0.02,0.50,0.00,100.00,0.92,0.67
1124,C16,KK,AMD,,,,,,,,,,,,
1125,C16,KK,,,,,,,,,,,,,
6197,C16,KGGK,,1.56,2.15,1.0,10.69,30,90,-0.92,0.00,0.00,0.00,1.84,0.66
6198,C16,KKKK,,0.44,3.90,3.0,11.15,30,90,-1.97,0.00,0.00,0.00,3.67,0.91
6199,C16,KAAK,,2.27,1.05,1.0,10.69,30,90,-0.58,0.50,0.00,200.00,1.84,0.91
7322,C16,XX,AMD,,,,,,,,,,,,
7342,C16,XXX,AMD,,,,,,,,,,,,
7348,C16,XXXX,AMD,,,,,,,,,,,,
7542,C16,XXWW,AMD,,,,,,,,,,,,
7580,C16,RR,AMD,,,,,,,,,,,,
7927,C16,KGK,AMD,0.32,2.73,2.0,14.00,30,90,-1.27,0.00,0.00,0.00,2.45,0.74
7973,C16,KKK,AMD,0.85,3.90,3.0,14.00,30,90,-1.97,0.00,0.00,0.00,3.67,0.91
8348,C16,KYR,AMD,0.20,3.23,2.0,11.38,20,101,-1.43,0.00,0.00,0.00,3.73,1.04
8473,C16,XRXR,AMD,,,,,,,,,,,,
8506,C16,GXK,AMD,,,,,,,,,,,,
9257,C16,KpT,AMD,1.08,2.07,1.0,14.00,30,116,-0.73,0.00,0.00,0.00,1.22,1.38
9259,C16,KPV,AMD,2.72,0.43,1.0,14.00,30,117,-0.23,0.57,0.00,130.00,1.22,1.36
9261,C16,KpT,,,,,,,,,,,,,
9263,C16,KPV,,,,,,,,,,,,,
9277,C16,KP,AMD,,,,,,,,,,,,
9278,C16,Kp,AMD,,,,,,,,,,,,
9279,C16,PV,AMD,,,,,,,,,,,,
9280,C16,pS,AMD,,,,,,,,,,,,
9281,C16,KPA,AMD,1.92,1.23,1.0,14.00,30,117,-0.47,0.57,0.00,130.00,1.22,1.33
9282,C16,KPL,AMD,2.58,0.57,1.0,14.00,30,118,-0.27,0.57,0.00,130.00,1.22,1.29
9286,C16,KT,AMD,,,,,,,,,,,,
9288,C16,Kt,AMD,,,,,,,,,,,,
9291,C16,KV,AMD,,,,,,,,,,,,
9292,C16,KA,AMD,,,,,,,,,,,,
9294,C16,KF,AMD,,,,,,,,,,,,
9295,C16,KH,AMD,,,,,,,,,,,,
9296,C16,KG,AMD,,,,,,,,,,,,
9297,C16,KL,AMD,,,,,,,,,,,,
9298,C16,KS,AMD,,,,,,,,,,,,
9299,C16,KI,AMD,,,,,,,,,,,,
9300,C16,KY,AMD,,,,,,,,,,,,
9301,C16,KW,AMD,,,,,,,,,,,,
9302,C16,PK,AMD,,,,,,,,,,,,
9303,C16,KD,AMD,,,,,,,,,,,,
9304,C16,KR,,,,,,,,,,,,,
9305,C16,PK,,,,,,,,,,,,,
9306,C16,Kp,,,,,,,,,,,,,
9307,C16,KP,,,,,,,,,,,,,
9309,C16,KR,AMD,,,,,,,,,,,,
9745,C16,KGGK,AMD,1.56,2.15,2.0,14.00,30,90,-0.92,0.00,0.00,0.00,1.84,0.66
9746,C16,KkK,AMD,0.85,3.90,3.0,14.00,30,90,-1.97,0.00,0.00,0.00,3.67,0.91
10361,C16,KKKK,AMD,0.44,3.90,4.0,14.00,30,90,-1.97,0.00,0.00,0.00,3.67,0.91
10362,C16,KGKG,AMD,0.33,2.15,2.0,14.00,30,146,-0.92,0.00,0.00,0.00,1.84,0.66
10675,C16,KKKR,AMD,0.57,4.05,4.0,14.00,30,150,-2.01,0.00,0.00,0.00,3.37,0.94
10678,C16,KKRK,AMD,0.36,4.05,4.0,14.00,30,97,-2.01,0.00,0.00,0.00,3.37,0.94
10680,C16,RKKK,AMD,0.57,4.05,4.0,14.00,30,30,-2.01,0.00,0.00,0.00,3.37,0.94
11017,C16,KRK,AMD,1.05,4.10,3.0,14.00,30,90,-2.03,0.00,0.00,0.00,3.26,0.95
11018,C16,RRR,AMD,0.98,4.50,3.0,14.00,30,90,-2.15,0.00,0.00,0.00,2.45,1.04
11033,C16,KAK,AMD,1.05,2.00,2.0,14.00,30,90,-1.04,0.50,0.00,100.00,2.45,0.91
11034,C16,KLK,AMD,1.72,1.33,2.0,14.00,30,90,-0.84,0.50,0.00,100.00,2.45,0.87
11035,C16,Kk,AMD,,,,,,,,,,,,
11150,C16,XXXX,AMD,,,,,,,,,,,,
11151,C16,XXXX,AMD,,,,,,,,,,,,
11155,C16,XXXX,AMD,,,,,,,,,,,,
11156,C16,XXXX,AMD,,,,,,,,,,,,
11157,C16,XXXX,AMD,,,,,,,,,,,,
11179,C16,XGX,AMD,,,,,,,,,,,,
11182,C16,XXX,AMD,,,,,,,,,,,,
12103,C16,RRRR,AMD,0.50,4.50,4.0,14.00,30,127,-2.15,0.00,0.00,0.00,2.45,1.04
12106,C16,PRRR,AMD,0.38,3.78,3.0,14.00,30,133,-1.68,0.00,0.00,0.00,1.84,1.32
12348,C16,KWKW,,0.33,2.40,1.0,10.69,15,146,-1.00,0.00,0.00,0.00,5.30,0.99
12362,C16,KKXK,AMD,,,,,,,,,,,,
14155,C16,XKKK,AMD,,,,,,,,,,,,
14172,C16,KKC,AMD,2.43,1.77,2.0,10.69,30,116,-0.97,0.50,0.00,130.00,2.45,1.04
14284,C16,XKKK,AMD,,,,,,,,,,,,
14288,C16,XKKK,AMD,,,,,,,,,,,,
15268,C16,EVll,AMD,1.48,-2.08,-1.0,6.14,14,141,1.13,0.51,0.00,280.00,0.32,0.83
16365,C16,KLIK,AMD,3.03,-0.12,2.0,14.00,14,93,-0.22,0.51,0.00,200.00,1.84,0.90
16853,C16,fXXL,,,,,,,,,,,,,
16888,C16,KRKK,AMD,0.36,4.05,4.0,14.00,30,83,-2.01,0.00,0.00,0.00,3.37,0.94
16890,C16,RRKK,AMD,0.51,4.20,4.0,14.00,30,46,-2.06,0.00,0.00,0.00,3.06,0.98
17440,C16,GRGR,,0.39,2.45,1.0,12.10,30,36,-1.02,0.00,0.00,0.00,1.23,0.72
17441,C16,GrGr,,0.39,2.45,1.0,12.10,30,36,-1.02,0.00,0.00,0.00,1.23,0.72
17442,C16,GKGK,,0.33,2.15,1.0,10.73,30,34,-0.92,0.00,0.00,0.00,1.84,0.66
17443,C16,GkGk,,0.33,2.15,1.0,10.73,30,34,-0.92,0.00,0.00,0.00,1.84,0.66
17444,C16,GXGX,,,,,,,,,,,,,
17445,C16,GxGx,,,,,,,,,,,,,
17446,C16,GXGX,,,,,,,,,,,,,
17447,C16,GXGX,,,,,,,,,,,,,
17736,C16,RWW,AMD,1.18,2.10,1.0,14.00,14,119,-0.74,0.00,0.00,0.00,5.44,1.06
17742,C16,RRW,AMD,1.68,3.30,2.0,14.00,16,120,-1.45,0.00,0.00,0.00,3.94,1.05
17784,C16,RWR,AMD,0.22,3.30,2.0,14.00,17,90,-1.45,0.00,0.00,0.00,3.94,1.05
17786,C16,WRR,AMD,1.68,3.30,2.0,14.00,16,60,-1.45,0.00,0.00,0.00,3.94,1.05
17846,C16,KLFK,AMD,2.76,0.30,2.0,14.00,16,88,-0.35,0.52,0.00,200.00,1.84,0.90
18097,C16,XXXX,AMD,,,,,,,,,,,,
18902,C16,XH,,,,,,,,,,,,,
22614,C16,SRR,AMD,1.70,3.27,2.0,14.00,30,68,-1.44,0.00,0.00,0.00,1.63,1.13
22617,C16,RSR,AMD,0.25,3.27,2.0,14.00,30,90,-1.44,0.00,0.00,0.00,1.63,1.13
22620,C16,RRS,AMD,1.70,3.27,2.0,14.00,30,112,-1.44,0.00,0.00,0.00,1.63,1.13
22623,C16,XRR,AMD,,,,,,,,,,,,
22626,C16,RXR,AMD,,,,,,,,,,,,
22629,C16,RRX,AMD,,,,,,,,,,,,
23366,C16,KXK,AMD,,,,,,,,,,,,
23904,C16,KLLK,AMD,,,,,,,,,,,,
23907,C16,XXXX,AMD,,,,,,,,,,,,
