Peptide ID,N TERMINUS,SEQUENCE,C TERMINUS,Unusual Amino Acids,Unusual Amino Acids Map,peptideId,targetSpecies,activityMeasureGroup,activityMeasureValue,concentration,unit,ph,ionicStrength,saltType,medium,cfu,cfuGroup,note,reference
1369,C18,RRWQWRMKK,AMD,,{},1369,Escherichia coli IID 861,MIC,MIC,50,µg/ml,,,,MHB,1E6,1E5 - 1E6,,1
1369,C18,RRWQWRMKK,AMD,,{},1369,Pseudomonas aeruginosa IFO 3445,MIC,MIC,100,µg/ml,,,,MHB,1E6,1E5 - 1E6,,1
1369,C18,RRWQWRMKK,AMD,,{},1369,Staphylococcus aureus JCM 2151,MIC,MIC,25,µg/ml,,,,MHB,1E6,1E5 - 1E6,Syn. S. aureus ATCC 6538P,1
1369,C18,RRWQWRMKK,AMD,,{},1369,Escherichia coli IID 861,MIC,MIC,6,µg/ml,,,,PB,1E6,1E5 - 1E6,,1
1369,C18,RRWQWRMKK,AMD,,{},1369,Pseudomonas aeruginosa IFO 3445,MIC,MIC,25,µg/ml,,,,PB,1E6,1E5 - 1E6,,1
1369,C18,RRWQWRMKK,AMD,,{},1369,Staphylococcus aureus JCM 2151,MIC,MIC,12,µg/ml,,,,PB,1E6,1E5 - 1E6,,1
1369,C18,RRWQWRMKK,AMD,,{},1369,Candida albicans TIMM 0144,MIC,MIC,100,µg/ml,,,,SGB,1E5,1E4 - 1E5,,1
1369,C18,RRWQWRMKK,AMD,,{},1369,Trichophyton mentagrophytes TIMM 1189,MIC,MIC,12,µg/ml,,,,SGB,1E4,1E3 - 1E4,,1
7324,C18,XX,AMD,"ORN, ORN","{""1"": ""ORN"", ""2"": ""ORN""}",7324,Escherichia coli MTCC 723,MIC,MIC,25,µg/ml,,,,MHB,1E5,1E4 - 1E5,,1
7324,C18,XX,AMD,"ORN, ORN","{""1"": ""ORN"", ""2"": ""ORN""}",7324,Pseudomonas aeruginosa MTCC 2295,MIC,MIC,25,µg/ml,,,,MHB,1E5,1E4 - 1E5,,1
7324,C18,XX,AMD,"ORN, ORN","{""1"": ""ORN"", ""2"": ""ORN""}",7324,Staphylococcus aureus MTCC 3160,MIC,MIC,12.5,µg/ml,,,,MHB,1E5,1E4 - 1E5,,1
7324,C18,XX,AMD,"ORN, ORN","{""1"": ""ORN"", ""2"": ""ORN""}",7324,Bacillus subtilis MTCC 2763,MIC,MIC,50,µg/ml,,,,MHB,1E5,1E4 - 1E5,,1
7324,C18,XX,AMD,"ORN, ORN","{""1"": ""ORN"", ""2"": ""ORN""}",7324,Staphylococcus aureus ATCC BAA-1720,MIC,MIC,25,µg/ml,,,,MHB,1E5,1E4 - 1E5,MRSA,1
7324,C18,XX,AMD,"ORN, ORN","{""1"": ""ORN"", ""2"": ""ORN""}",7324,Staphylococcus epidermidis ATCC 51625,MIC,MIC,25,µg/ml,,,,MHB,1E5,1E4 - 1E5,MRSE,1
7324,C18,XX,AMD,"ORN, ORN","{""1"": ""ORN"", ""2"": ""ORN""}",7324,Candida albicans ATCC 24433,MIC,MIC,12.5,µg/ml,,,,PDB,2E3,1E3 - 1E4,,1
7324,C18,XX,AMD,"ORN, ORN","{""1"": ""ORN"", ""2"": ""ORN""}",7324,Aspergillus fumigatus ATCC 42203,MIC,MIC,6.25,µg/ml,,,,PDB,2E3,1E3 - 1E4,,1
7324,C18,XX,AMD,"ORN, ORN","{""1"": ""ORN"", ""2"": ""ORN""}",7324,Aspergillus niger ATCC 64028,MIC,MIC,12.5,µg/ml,,,,PDB,2E3,1E3 - 1E4,,1
7324,C18,XX,AMD,"ORN, ORN","{""1"": ""ORN"", ""2"": ""ORN""}",7324,Cryptococcus neoformans ATCC 2344,MIC,MIC,25,µg/ml,,,,PDB,2E3,1E3 - 1E4,,1
7343,C18,XXX,AMD,"ORN, ORN, ORN","{""1"": ""ORN"", ""2"": ""ORN"", ""3"": ""ORN""}",7343,Escherichia coli MTCC 723,MIC,MIC,12.5,µg/ml,,,,MHB,1E5,1E4 - 1E5,,1
7343,C18,XXX,AMD,"ORN, ORN, ORN","{""1"": ""ORN"", ""2"": ""ORN"", ""3"": ""ORN""}",7343,Pseudomonas aeruginosa MTCC 2295,MIC,MIC,6.25,µg/ml,,,,MHB,1E5,1E4 - 1E5,,1
7343,C18,XXX,AMD,"ORN, ORN, ORN","{""1"": ""ORN"", ""2"": ""ORN"", ""3"": ""ORN""}",7343,Staphylococcus aureus MTCC 3160,MIC,MIC,6.25,µg/ml,,,,MHB,1E5,1E4 - 1E5,,1
7343,C18,XXX,AMD,"ORN, ORN, ORN","{""1"": ""ORN"", ""2"": ""ORN"", ""3"": ""ORN""}",7343,Bacillus subtilis MTCC 2763,MIC,MIC,12.5,µg/ml,,,,MHB,1E5,1E4 - 1E5,,1
7343,C18,XXX,AMD,"ORN, ORN, ORN","{""1"": ""ORN"", ""2"": ""ORN"", ""3"": ""ORN""}",7343,Staphylococcus aureus ATCC BAA-1720,MIC,MIC,12.5,µg/ml,,,,MHB,1E5,1E4 - 1E5,MRSA,1
7343,C18,XXX,AMD,"ORN, ORN, ORN","{""1"": ""ORN"", ""2"": ""ORN"", ""3"": ""ORN""}",7343,Staphylococcus epidermidis ATCC 51625,MIC,MIC,12.5,µg/ml,,,,MHB,1E5,1E4 - 1E5,MRSE,1
7343,C18,XXX,AMD,"ORN, ORN, ORN","{""1"": ""ORN"", ""2"": ""ORN"", ""3"": ""ORN""}",7343,Candida albicans ATCC 24433,MIC,MIC,6.25,µg/ml,,,,PDB,2E3,1E3 - 1E4,,1
7343,C18,XXX,AMD,"ORN, ORN, ORN","{""1"": ""ORN"", ""2"": ""ORN"", ""3"": ""ORN""}",7343,Aspergillus fumigatus ATCC 42203,MIC,MIC,1.5,µg/ml,,,,PDB,2E3,1E3 - 1E4,,1
7343,C18,XXX,AMD,"ORN, ORN, ORN","{""1"": ""ORN"", ""2"": ""ORN"", ""3"": ""ORN""}",7343,Aspergillus niger ATCC 64028,MIC,MIC,3.1,µg/ml,,,,PDB,2E3,1E3 - 1E4,,1
7343,C18,XXX,AMD,"ORN, ORN, ORN","{""1"": ""ORN"", ""2"": ""ORN"", ""3"": ""ORN""}",7343,Cryptococcus neoformans ATCC 2344,MIC,MIC,6.25,µg/ml,,,,PDB,2E3,1E3 - 1E4,,1
7343,C18,XXX,AMD,"ORN, ORN, ORN","{""1"": ""ORN"", ""2"": ""ORN"", ""3"": ""ORN""}",7343,Staphylococcus aureus,MIC,MIC,5.5-6.2,µg/ml,,,,MHB,1E5,1E4 - 1E5,"DR clinical isolates PGI/DML03054, PGI/DML03149",2
7343,C18,XXX,AMD,"ORN, ORN, ORN","{""1"": ""ORN"", ""2"": ""ORN"", ""3"": ""ORN""}",7343,Staphylococcus epidermidis,MIC,MIC,5-7.5,µg/ml,,,,MHB,1E5,1E4 - 1E5,"DR clinical isolates GMCH/B0057, GMCH/R- Amp008",2
7343,C18,XXX,AMD,"ORN, ORN, ORN","{""1"": ""ORN"", ""2"": ""ORN"", ""3"": ""ORN""}",7343,Streptococcus pneumoniae,MIC,MIC,2.5-5,µg/ml,,,,MHB,1E5,1E4 - 1E5,"DR clinical isolates PGI/DML02468, PGI/DML02213",2
7343,C18,XXX,AMD,"ORN, ORN, ORN","{""1"": ""ORN"", ""2"": ""ORN"", ""3"": ""ORN""}",7343,Enterococcus faecium,MIC,MIC,4.5-7.5,µg/ml,,,,MHB,1E5,1E4 - 1E5,"DR clinical isolates GMCH/B0102, GMCH/R-Pen003",2
7343,C18,XXX,AMD,"ORN, ORN, ORN","{""1"": ""ORN"", ""2"": ""ORN"", ""3"": ""ORN""}",7343,Enterococcus faecalis,MIC,MIC,2.5-6.25,µg/ml,,,,MHB,1E5,1E4 - 1E5,"DR clinical isolates GMCH/B0091, GMCH/R-Gen011",2
7343,C18,XXX,AMD,"ORN, ORN, ORN","{""1"": ""ORN"", ""2"": ""ORN"", ""3"": ""ORN""}",7343,Escherichia coli,MIC,MIC,7.5-10,µg/ml,,,,MHB,1E5,1E4 - 1E5,"DR clinical isolates PGI/DML02250, PGI/DML02292",2
7343,C18,XXX,AMD,"ORN, ORN, ORN","{""1"": ""ORN"", ""2"": ""ORN"", ""3"": ""ORN""}",7343,Pseudomonas aeruginosa,MIC,MIC,1.5-4.5,µg/ml,,,,MHB,1E5,1E4 - 1E5,"DR clinical isolates PGI/DML02084, PGI/DML01991",2
7343,C18,XXX,AMD,"ORN, ORN, ORN","{""1"": ""ORN"", ""2"": ""ORN"", ""3"": ""ORN""}",7343,Klebsiella pneumoniae,MIC,MIC,3.5-7.5,µg/ml,,,,MHB,1E5,1E4 - 1E5,"DR clinical isolates GMCH/B0127, GMCH/R-Kan006",2
7343,C18,XXX,AMD,"ORN, ORN, ORN","{""1"": ""ORN"", ""2"": ""ORN"", ""3"": ""ORN""}",7343,Acinetobacter baumannii,MIC,MIC,4.5-6.5,µg/ml,,,,MHB,1E5,1E4 - 1E5,"DR clinical isolates GMCH/B0083, GMCH/R-Imi003",2
7343,C18,XXX,AMD,"ORN, ORN, ORN","{""1"": ""ORN"", ""2"": ""ORN"", ""3"": ""ORN""}",7343,Haemophilus Influenzae,MIC,MIC,7.5-10,µg/ml,,,,MHB,1E5,1E4 - 1E5,"DR clinical isolates PGI/DML01751, PGI/DML01744",2
7349,C18,XXXX,AMD,"ORN, ORN, ORN, ORN","{""1"": ""ORN"", ""2"": ""ORN"", ""3"": ""ORN"", ""4"": ""ORN""}",7349,Escherichia coli MTCC 723,MIC,MIC,12.5,µg/ml,,,,MHB,1E5,1E4 - 1E5,,1
7349,C18,XXXX,AMD,"ORN, ORN, ORN, ORN","{""1"": ""ORN"", ""2"": ""ORN"", ""3"": ""ORN"", ""4"": ""ORN""}",7349,Pseudomonas aeruginosa MTCC 2295,MIC,MIC,12.5,µg/ml,,,,MHB,1E5,1E4 - 1E5,,1
7349,C18,XXXX,AMD,"ORN, ORN, ORN, ORN","{""1"": ""ORN"", ""2"": ""ORN"", ""3"": ""ORN"", ""4"": ""ORN""}",7349,Staphylococcus aureus MTCC 3160,MIC,MIC,6.25,µg/ml,,,,MHB,1E5,1E4 - 1E5,,1
7349,C18,XXXX,AMD,"ORN, ORN, ORN, ORN","{""1"": ""ORN"", ""2"": ""ORN"", ""3"": ""ORN"", ""4"": ""ORN""}",7349,Bacillus subtilis MTCC 2763,MIC,MIC,6.25,µg/ml,,,,MHB,1E5,1E4 - 1E5,,1
7349,C18,XXXX,AMD,"ORN, ORN, ORN, ORN","{""1"": ""ORN"", ""2"": ""ORN"", ""3"": ""ORN"", ""4"": ""ORN""}",7349,Staphylococcus aureus ATCC BAA-1720,MIC,MIC,25,µg/ml,,,,MHB,1E5,1E4 - 1E5,MRSA,1
7349,C18,XXXX,AMD,"ORN, ORN, ORN, ORN","{""1"": ""ORN"", ""2"": ""ORN"", ""3"": ""ORN"", ""4"": ""ORN""}",7349,Staphylococcus epidermidis ATCC 51625,MIC,MIC,12.5,µg/ml,,,,MHB,1E5,1E4 - 1E5,MRSE,1
7349,C18,XXXX,AMD,"ORN, ORN, ORN, ORN","{""1"": ""ORN"", ""2"": ""ORN"", ""3"": ""ORN"", ""4"": ""ORN""}",7349,Candida albicans ATCC 24433,MIC,MIC,3.1,µg/ml,,,,PDB,2E3,1E3 - 1E4,,1
7349,C18,XXXX,AMD,"ORN, ORN, ORN, ORN","{""1"": ""ORN"", ""2"": ""ORN"", ""3"": ""ORN"", ""4"": ""ORN""}",7349,Aspergillus fumigatus ATCC 42203,MIC,MIC,1.5,µg/ml,,,,PDB,2E3,1E3 - 1E4,,1
7349,C18,XXXX,AMD,"ORN, ORN, ORN, ORN","{""1"": ""ORN"", ""2"": ""ORN"", ""3"": ""ORN"", ""4"": ""ORN""}",7349,Aspergillus niger ATCC 64028,MIC,MIC,1.5,µg/ml,,,,PDB,2E3,1E3 - 1E4,,1
7349,C18,XXXX,AMD,"ORN, ORN, ORN, ORN","{""1"": ""ORN"", ""2"": ""ORN"", ""3"": ""ORN"", ""4"": ""ORN""}",7349,Cryptococcus neoformans ATCC 2344,MIC,MIC,6.25,µg/ml,,,,PDB,2E3,1E3 - 1E4,,1
7349,C18,XXXX,AMD,"ORN, ORN, ORN, ORN","{""1"": ""ORN"", ""2"": ""ORN"", ""3"": ""ORN"", ""4"": ""ORN""}",7349,Staphylococcus aureus,MIC,MIC,5-7.5,µg/ml,,,,MHB,1E5,1E4 - 1E5,"DR clinical isolates PGI/DML03054, PGI/DML03149",2
7349,C18,XXXX,AMD,"ORN, ORN, ORN, ORN","{""1"": ""ORN"", ""2"": ""ORN"", ""3"": ""ORN"", ""4"": ""ORN""}",7349,Staphylococcus epidermidis,MIC,MIC,5-5.5,µg/ml,,,,MHB,1E5,1E4 - 1E5,"DR clinical isolates GMCH/B0057, GMCH/R- Amp008",2
7349,C18,XXXX,AMD,"ORN, ORN, ORN, ORN","{""1"": ""ORN"", ""2"": ""ORN"", ""3"": ""ORN"", ""4"": ""ORN""}",7349,Streptococcus pneumoniae,MIC,MIC,4-12.5,µg/ml,,,,MHB,1E5,1E4 - 1E5,"DR clinical isolates PGI/DML02468, PGI/DML02213",2
7349,C18,XXXX,AMD,"ORN, ORN, ORN, ORN","{""1"": ""ORN"", ""2"": ""ORN"", ""3"": ""ORN"", ""4"": ""ORN""}",7349,Enterococcus faecium,MIC,MIC,7.5-12.5,µg/ml,,,,MHB,1E5,1E4 - 1E5,"DR clinical isolates GMCH/B0102, GMCH/R-Pen003",2
7349,C18,XXXX,AMD,"ORN, ORN, ORN, ORN","{""1"": ""ORN"", ""2"": ""ORN"", ""3"": ""ORN"", ""4"": ""ORN""}",7349,Enterococcus faecalis,MIC,MIC,3.1-10,µg/ml,,,,MHB,1E5,1E4 - 1E5,"DR clinical isolates GMCH/B0091, GMCH/R-Gen011",2
7349,C18,XXXX,AMD,"ORN, ORN, ORN, ORN","{""1"": ""ORN"", ""2"": ""ORN"", ""3"": ""ORN"", ""4"": ""ORN""}",7349,Escherichia coli,MIC,MIC,7.5,µg/ml,,,,MHB,1E5,1E4 - 1E5,"DR clinical isolates PGI/DML02250, PGI/DML02292",2
7349,C18,XXXX,AMD,"ORN, ORN, ORN, ORN","{""1"": ""ORN"", ""2"": ""ORN"", ""3"": ""ORN"", ""4"": ""ORN""}",7349,Pseudomonas aeruginosa,MIC,MIC,2-4.5,µg/ml,,,,MHB,1E5,1E4 - 1E5,"DR clinical isolates PGI/DML02084, PGI/DML01991",2
7349,C18,XXXX,AMD,"ORN, ORN, ORN, ORN","{""1"": ""ORN"", ""2"": ""ORN"", ""3"": ""ORN"", ""4"": ""ORN""}",7349,Klebsiella pneumoniae,MIC,MIC,3.5-8,µg/ml,,,,MHB,1E5,1E4 - 1E5,"DR clinical isolates GMCH/B0127, GMCH/R-Kan006",2
7349,C18,XXXX,AMD,"ORN, ORN, ORN, ORN","{""1"": ""ORN"", ""2"": ""ORN"", ""3"": ""ORN"", ""4"": ""ORN""}",7349,Acinetobacter baumannii,MIC,MIC,10-12.5,µg/ml,,,,MHB,1E5,1E4 - 1E5,"DR clinical isolates GMCH/B0083, GMCH/R-Imi003",2
7349,C18,XXXX,AMD,"ORN, ORN, ORN, ORN","{""1"": ""ORN"", ""2"": ""ORN"", ""3"": ""ORN"", ""4"": ""ORN""}",7349,Haemophilus Influenzae,MIC,MIC,8-12.5,µg/ml,,,,MHB,1E5,1E4 - 1E5,"DR clinical isolates PGI/DML01751, PGI/DML01744",2
7355,C18,XXXXX,AMD,"ORN, ORN, ORN, ORN, ORN","{""1"": ""ORN"", ""2"": ""ORN"", ""3"": ""ORN"", ""4"": ""ORN"", ""5"": ""ORN""}",7355,Escherichia coli MTCC 723,MIC,MIC,12.5,µg/ml,,,,MHB,1E5,1E4 - 1E5,,1
7355,C18,XXXXX,AMD,"ORN, ORN, ORN, ORN, ORN","{""1"": ""ORN"", ""2"": ""ORN"", ""3"": ""ORN"", ""4"": ""ORN"", ""5"": ""ORN""}",7355,Pseudomonas aeruginosa MTCC 2295,MIC,MIC,12.5,µg/ml,,,,MHB,1E5,1E4 - 1E5,,1
7355,C18,XXXXX,AMD,"ORN, ORN, ORN, ORN, ORN","{""1"": ""ORN"", ""2"": ""ORN"", ""3"": ""ORN"", ""4"": ""ORN"", ""5"": ""ORN""}",7355,Staphylococcus aureus MTCC 3160,MIC,MIC,12.5,µg/ml,,,,MHB,1E5,1E4 - 1E5,,1
7355,C18,XXXXX,AMD,"ORN, ORN, ORN, ORN, ORN","{""1"": ""ORN"", ""2"": ""ORN"", ""3"": ""ORN"", ""4"": ""ORN"", ""5"": ""ORN""}",7355,Bacillus subtilis MTCC 2763,MIC,MIC,25,µg/ml,,,,MHB,1E5,1E4 - 1E5,,1
7355,C18,XXXXX,AMD,"ORN, ORN, ORN, ORN, ORN","{""1"": ""ORN"", ""2"": ""ORN"", ""3"": ""ORN"", ""4"": ""ORN"", ""5"": ""ORN""}",7355,Staphylococcus aureus ATCC BAA-1720,MIC,MIC,25,µg/ml,,,,MHB,1E5,1E4 - 1E5,MRSA,1
7355,C18,XXXXX,AMD,"ORN, ORN, ORN, ORN, ORN","{""1"": ""ORN"", ""2"": ""ORN"", ""3"": ""ORN"", ""4"": ""ORN"", ""5"": ""ORN""}",7355,Staphylococcus epidermidis ATCC 51625,MIC,MIC,12.5,µg/ml,,,,MHB,1E5,1E4 - 1E5,MRSE,1
7355,C18,XXXXX,AMD,"ORN, ORN, ORN, ORN, ORN","{""1"": ""ORN"", ""2"": ""ORN"", ""3"": ""ORN"", ""4"": ""ORN"", ""5"": ""ORN""}",7355,Candida albicans ATCC 24433,MIC,MIC,3.1,µg/ml,,,,PDB,2E3,1E3 - 1E4,,1
7355,C18,XXXXX,AMD,"ORN, ORN, ORN, ORN, ORN","{""1"": ""ORN"", ""2"": ""ORN"", ""3"": ""ORN"", ""4"": ""ORN"", ""5"": ""ORN""}",7355,Aspergillus fumigatus ATCC 42203,MIC,MIC,3.1,µg/ml,,,,PDB,2E3,1E3 - 1E4,,1
7355,C18,XXXXX,AMD,"ORN, ORN, ORN, ORN, ORN","{""1"": ""ORN"", ""2"": ""ORN"", ""3"": ""ORN"", ""4"": ""ORN"", ""5"": ""ORN""}",7355,Aspergillus niger ATCC 64028,MIC,MIC,1.5,µg/ml,,,,PDB,2E3,1E3 - 1E4,,1
7355,C18,XXXXX,AMD,"ORN, ORN, ORN, ORN, ORN","{""1"": ""ORN"", ""2"": ""ORN"", ""3"": ""ORN"", ""4"": ""ORN"", ""5"": ""ORN""}",7355,Cryptococcus neoformans ATCC 2344,MIC,MIC,3.1,µg/ml,,,,PDB,2E3,1E3 - 1E4,,1
7355,C18,XXXXX,AMD,"ORN, ORN, ORN, ORN, ORN","{""1"": ""ORN"", ""2"": ""ORN"", ""3"": ""ORN"", ""4"": ""ORN"", ""5"": ""ORN""}",7355,Staphylococcus aureus,MIC,MIC,6.5-10.5,µg/ml,,,,MHB,1E5,1E4 - 1E5,"DR clinical isolates PGI/DML03054, PGI/DML03149",2
7355,C18,XXXXX,AMD,"ORN, ORN, ORN, ORN, ORN","{""1"": ""ORN"", ""2"": ""ORN"", ""3"": ""ORN"", ""4"": ""ORN"", ""5"": ""ORN""}",7355,Staphylococcus epidermidis,MIC,MIC,4.5-10.5,µg/ml,,,,MHB,1E5,1E4 - 1E5,"DR clinical isolates GMCH/B0057, GMCH/R- Amp008",2
7355,C18,XXXXX,AMD,"ORN, ORN, ORN, ORN, ORN","{""1"": ""ORN"", ""2"": ""ORN"", ""3"": ""ORN"", ""4"": ""ORN"", ""5"": ""ORN""}",7355,Streptococcus pneumoniae,MIC,MIC,2.5-10,µg/ml,,,,MHB,1E5,1E4 - 1E5,"DR clinical isolates PGI/DML02468, PGI/DML02213",2
7355,C18,XXXXX,AMD,"ORN, ORN, ORN, ORN, ORN","{""1"": ""ORN"", ""2"": ""ORN"", ""3"": ""ORN"", ""4"": ""ORN"", ""5"": ""ORN""}",7355,Enterococcus faecium,MIC,MIC,6.2-12.5,µg/ml,,,,MHB,1E5,1E4 - 1E5,"DR clinical isolates GMCH/B0102, GMCH/R-Pen003",2
7355,C18,XXXXX,AMD,"ORN, ORN, ORN, ORN, ORN","{""1"": ""ORN"", ""2"": ""ORN"", ""3"": ""ORN"", ""4"": ""ORN"", ""5"": ""ORN""}",7355,Enterococcus faecalis,MIC,MIC,4.5-15,µg/ml,,,,MHB,1E5,1E4 - 1E5,"DR clinical isolates GMCH/B0091, GMCH/R-Gen011",2
7355,C18,XXXXX,AMD,"ORN, ORN, ORN, ORN, ORN","{""1"": ""ORN"", ""2"": ""ORN"", ""3"": ""ORN"", ""4"": ""ORN"", ""5"": ""ORN""}",7355,Escherichia coli,MIC,MIC,5-7.5,µg/ml,,,,MHB,1E5,1E4 - 1E5,"DR clinical isolates PGI/DML02250, PGI/DML02292",2
7355,C18,XXXXX,AMD,"ORN, ORN, ORN, ORN, ORN","{""1"": ""ORN"", ""2"": ""ORN"", ""3"": ""ORN"", ""4"": ""ORN"", ""5"": ""ORN""}",7355,Pseudomonas aeruginosa,MIC,MIC,2.5-5,µg/ml,,,,MHB,1E5,1E4 - 1E5,"DR clinical isolates PGI/DML02084, PGI/DML01991",2
7355,C18,XXXXX,AMD,"ORN, ORN, ORN, ORN, ORN","{""1"": ""ORN"", ""2"": ""ORN"", ""3"": ""ORN"", ""4"": ""ORN"", ""5"": ""ORN""}",7355,Klebsiella pneumoniae,MIC,MIC,4-12.5,µg/ml,,,,MHB,1E5,1E4 - 1E5,"DR clinical isolates PGI/DML02084, PGI/DML01991",2
7355,C18,XXXXX,AMD,"ORN, ORN, ORN, ORN, ORN","{""1"": ""ORN"", ""2"": ""ORN"", ""3"": ""ORN"", ""4"": ""ORN"", ""5"": ""ORN""}",7355,Acinetobacter baumannii,MIC,MIC,7.5-10,µg/ml,,,,MHB,1E5,1E4 - 1E5,"DR clinical isolates GMCH/B0083, GMCH/R-Imi003",2
7355,C18,XXXXX,AMD,"ORN, ORN, ORN, ORN, ORN","{""1"": ""ORN"", ""2"": ""ORN"", ""3"": ""ORN"", ""4"": ""ORN"", ""5"": ""ORN""}",7355,Haemophilus Influenzae,MIC,MIC,10-15,µg/ml,,,,MHB,1E5,1E4 - 1E5,"DR clinical isolates PGI/DML01751, PGI/DML01744",2
7617,C18,WW,,,{},7617,Escherichia coli ATCC 11775,MIC,MIC,>227.2,µg/ml,,,,MHB,1E5,1E4 - 1E5,,1
7617,C18,WW,,,{},7617,Acinetobacter baumannii ATCC 19606,MIC,MIC,>227.2,µg/ml,,,,MHB,1E5,1E4 - 1E5,,1
7617,C18,WW,,,{},7617,Staphylococcus aureus ATCC 29213,MIC,MIC,227.2,µg/ml,,,,MHB,1E5,1E4 - 1E5,,1
7618,C18,WX,,ORN,"{""2"": ""ORN""}",7618,Escherichia coli ATCC 11775,MIC,MIC,>227.2,µg/ml,,,,MHB,1E5,1E4 - 1E5,,1
7618,C18,WX,,ORN,"{""2"": ""ORN""}",7618,Pseudomonas aeruginosa ATCC 25668,MIC,MIC,113.6,µg/ml,,,,MHB,1E5,1E4 - 1E5,,1
7618,C18,WX,,ORN,"{""2"": ""ORN""}",7618,Staphylococcus aureus ATCC 29213,MIC,MIC,113.6,µg/ml,,,,MHB,1E5,1E4 - 1E5,,1
7619,C18,XX,,"ORN, ORN","{""1"": ""ORN"", ""2"": ""ORN""}",7619,Escherichia coli ATCC 11775,MIC,MIC,113.6,µg/ml,,,,MHB,1E5,1E4 - 1E5,,1
7619,C18,XX,,"ORN, ORN","{""1"": ""ORN"", ""2"": ""ORN""}",7619,Acinetobacter baumannii ATCC 19606,MIC,MIC,56.8,µg/ml,,,,MHB,1E5,1E4 - 1E5,,1
7619,C18,XX,,"ORN, ORN","{""1"": ""ORN"", ""2"": ""ORN""}",7619,Staphylococcus aureus ATCC 29213,MIC,MIC,7.1,µg/ml,,,,MHB,1E5,1E4 - 1E5,,1
7619,C18,XX,,"ORN, ORN","{""1"": ""ORN"", ""2"": ""ORN""}",7619,Enterococcus faecalis ATCC 7080,MIC,MIC,14.2,µg/ml,,,,MHB,1E5,1E4 - 1E5,,1
7619,C18,XX,,"ORN, ORN","{""1"": ""ORN"", ""2"": ""ORN""}",7619,Staphylococcus aureus ATCC 33591,MIC,MIC,7.1,µg/ml,,,,MHB,1E5,1E4 - 1E5,MRSA,1
7625,C18,WW,Sprd,,{},7625,Escherichia coli ATCC 11775,MIC,MIC,>227.2,µg/ml,,,,MHB,1E5,1E4 - 1E5,,1
7625,C18,WW,Sprd,,{},7625,Pseudomonas aeruginosa ATCC 25668,MIC,MIC,113.6,µg/ml,,,,MHB,1E5,1E4 - 1E5,,1
7625,C18,WW,Sprd,,{},7625,Acinetobacter baumannii ATCC 19606,MIC,MIC,56.8,µg/ml,,,,MHB,1E5,1E4 - 1E5,,1
7625,C18,WW,Sprd,,{},7625,Staphylococcus aureus ATCC 29213,MIC,MIC,7.1,µg/ml,,,,MHB,1E5,1E4 - 1E5,,1
7625,C18,WW,Sprd,,{},7625,Enterococcus faecalis ATCC 7080,MIC,MIC,>56.8,µg/ml,,,,MHB,1E5,1E4 - 1E5,,1
7625,C18,WW,Sprd,,{},7625,Staphylococcus aureus ATCC 33591,MIC,MIC,28.4,µg/ml,,,,MHB,1E5,1E4 - 1E5,MRSA,1
7626,C18,WX,Sprd,ORN,"{""2"": ""ORN""}",7626,Escherichia coli ATCC 11775,MIC,MIC,28.4,µg/ml,,,,MHB,1E5,1E4 - 1E5,,1
7626,C18,WX,Sprd,ORN,"{""2"": ""ORN""}",7626,Pseudomonas aeruginosa ATCC 25668,MIC,MIC,14.2,µg/ml,,,,MHB,1E5,1E4 - 1E5,,1
7626,C18,WX,Sprd,ORN,"{""2"": ""ORN""}",7626,Acinetobacter baumannii ATCC 19606,MIC,MIC,28.4,µg/ml,,,,MHB,1E5,1E4 - 1E5,,1
7626,C18,WX,Sprd,ORN,"{""2"": ""ORN""}",7626,Staphylococcus aureus ATCC 29213,MIC,MIC,3.5,µg/ml,,,,MHB,1E5,1E4 - 1E5,,1
7626,C18,WX,Sprd,ORN,"{""2"": ""ORN""}",7626,Enterococcus faecalis ATCC 7080,MIC,MIC,14.2,µg/ml,,,,MHB,1E5,1E4 - 1E5,,1
7626,C18,WX,Sprd,ORN,"{""2"": ""ORN""}",7626,Bacillus subtilis ATCC 6633,MIC,MIC,3.5,µg/ml,,,,MHB,1E5,1E4 - 1E5,,1
7626,C18,WX,Sprd,ORN,"{""2"": ""ORN""}",7626,Staphylococcus aureus ATCC 33591,MIC,MIC,3.5,µg/ml,,,,MHB,1E5,1E4 - 1E5,MRSA,1
7627,C18,XX,Sprd,"ORN, ORN","{""1"": ""ORN"", ""2"": ""ORN""}",7627,Escherichia coli ATCC 11775,MIC,MIC,7.1,µg/ml,,,,MHB,1E5,1E4 - 1E5,,1
7627,C18,XX,Sprd,"ORN, ORN","{""1"": ""ORN"", ""2"": ""ORN""}",7627,Pseudomonas aeruginosa ATCC 25668,MIC,MIC,14.2,µg/ml,,,,MHB,1E5,1E4 - 1E5,,1
7627,C18,XX,Sprd,"ORN, ORN","{""1"": ""ORN"", ""2"": ""ORN""}",7627,Acinetobacter baumannii ATCC 19606,MIC,MIC,28.4,µg/ml,,,,MHB,1E5,1E4 - 1E5,,1
7627,C18,XX,Sprd,"ORN, ORN","{""1"": ""ORN"", ""2"": ""ORN""}",7627,Staphylococcus aureus ATCC 29213,MIC,MIC,3.5,µg/ml,,,,MHB,1E5,1E4 - 1E5,,1
7627,C18,XX,Sprd,"ORN, ORN","{""1"": ""ORN"", ""2"": ""ORN""}",7627,Enterococcus faecalis ATCC 7080,MIC,MIC,14.2,µg/ml,,,,MHB,1E5,1E4 - 1E5,,1
7627,C18,XX,Sprd,"ORN, ORN","{""1"": ""ORN"", ""2"": ""ORN""}",7627,Bacillus subtilis ATCC 6633,MIC,MIC,7.1,µg/ml,,,,MHB,1E5,1E4 - 1E5,,1
7627,C18,XX,Sprd,"ORN, ORN","{""1"": ""ORN"", ""2"": ""ORN""}",7627,Staphylococcus aureus ATCC 33591,MIC,MIC,3.5,µg/ml,,,,MHB,1E5,1E4 - 1E5,MRSA,1
9270,C18,KPV,AMD,,{},9270,Escherichia coli UB1005,MIC,MIC,>2000,µg/ml,,,,MHB,1E5-1E6,1E5 - 1E6,,1
9270,C18,KPV,AMD,,{},9270,Staphylococcus aureus SAP 0017,MIC,MIC,16,µg/ml,,,,MHB,1E5-1E6,1E5 - 1E6,MRSA,1
9270,C18,KPV,AMD,,{},9270,Candida albicans 105,MIC,MIC,16,µg/ml,,,,MHB,1E4,1E3 - 1E4,,1
9270,C18,KPV,AMD,,{},9270,Cutibacterium acnes,MIC,MIC,1-2,µg/ml,,,,BHIB,1E5-1E6,1E5 - 1E6,,1
9276,C18,KpT,AMD,,{},9276,Escherichia coli UB1005,MIC,MIC,128,µg/ml,,,,MHB,1E5-1E6,1E5 - 1E6,,1
9276,C18,KpT,AMD,,{},9276,Staphylococcus aureus SAP 0017,MIC,MIC,16,µg/ml,,,,MHB,1E5-1E6,1E5 - 1E6,MRSA,1
9276,C18,KpT,AMD,,{},9276,Candida albicans 105,MIC,MIC,8,µg/ml,,,,MHB,1E4,1E3 - 1E4,,1
9276,C18,KpT,AMD,,{},9276,Cutibacterium acnes,MIC,MIC,1-2,µg/ml,,,,BHIB,1E5-1E6,1E5 - 1E6,,1
10400,C18,TYVSYT,,,{},10400,Escherichia coli MTCC 443,MIC,MIC,8±0.1,µg/ml,,,,TSB,,,,1
10400,C18,TYVSYT,,,{},10400,Salmonella enterica subsp. enterica serovar Typhi MTCC 733,,-,NA,,,,,TSB,,,,1
10400,C18,TYVSYT,,,{},10400,Klebsiella pneumoniae MTCC 7162,MIC,MIC,4±0.1,µg/ml,,,,TSB,,,,1
10400,C18,TYVSYT,,,{},10400,Vibrio cholerae MTCC 3906,MIC,MIC,16±0.3,µg/ml,,,,TSB,,,,1
10400,C18,TYVSYT,,,{},10400,Proteus mirabilis MTCC 14,,-,NA,,,,,TSB,,,,1
10400,C18,TYVSYT,,,{},10400,Pseudomonas aeruginosa MTCC 424,MIC,MIC,16±0.2,µg/ml,,,,TSB,,,,1
10400,C18,TYVSYT,,,{},10400,Bacillus subtilis MTCC 619,MIC,MIC,16±0.1,µg/ml,,,,TSB,,,,1
10400,C18,TYVSYT,,,{},10400,Staphylococcus aureus MTCC 96,MIC,MIC,8±0.1,µg/ml,,,,TSB,,,,1
12349,C18,KWKW,,,{},12349,Cutibacterium acnes ATCC 6919,MIC,MIC,7.8,µg/ml,,,,BrB,1E6,1E5 - 1E6,,1
12349,C18,KWKW,,,{},12349,Cutibacterium acnes ATCC 11827,MIC,MIC,3.9-7.8,µg/ml,,,,BrB,1E6,1E5 - 1E6,,1
12349,C18,KWKW,,,{},12349,Staphylococcus epidermidis ATCC 12228,MIC,MIC,7.8-15.6,µg/ml,,,,LBB,1E5,1E4 - 1E5,,1
12349,C18,KWKW,,,{},12349,Staphylococcus aureus ATCC 12600,MIC,MIC,31.2,µg/ml,,,,MHB,1E5,1E4 - 1E5,,1
12349,C18,KWKW,,,{},12349,Staphylococcus aureus,MIC,MIC,>31.2,µg/ml,,,,MHB,1E5,1E4 - 1E5,Clinical isolate,1
12349,C18,KWKW,,,{},12349,Streptococcus mutans ATCC 25175,MIC,MIC,>31.2,µg/ml,,,,BHIB,1E5,1E4 - 1E5,,1
12349,C18,KWKW,,,{},12349,Streptococcus mutans UA 159,MIC,MIC,>31.2,µg/ml,,,,BHIB,1E5,1E4 - 1E5,,1
12349,C18,KWKW,,,{},12349,Pseudomonas aeruginosa ATCC 25853,MIC,MIC,>31.2,µg/ml,,,,LBB,1E5,1E4 - 1E5,,1
12349,C18,KWKW,,,{},12349,Escherichia coli ATCC 25922,MIC,MIC,31.2,µg/ml,,,,LBB,1E5,1E4 - 1E5,,1
12349,C18,KWKW,,,{},12349,Murine macrophage cells RAW 264.7,,-,NA,,,,, ,,,Not active up to 31.25 µg/ml,1
14354,C18,KWWK,AMD,,{},14354,Staphylococcus aureus ATCC 12600,MIC,MIC,>31.2,µg/ml,,,,MHB,1E5,1E4 - 1E5,,1
14354,C18,KWWK,AMD,,{},14354,Escherichia coli ATCC 25922,MIC,MIC,>31.2,µg/ml,,,,MHB,1E5,1E4 - 1E5,,1
14354,C18,KWWK,AMD,,{},14354,Candida albicans ATCC 14053,MIC,MIC,>62.5,µg/ml,,,,YEPD,1E5,1E4 - 1E5,,1
14355,C18,KIWWK,AMD,,{},14355,Staphylococcus aureus ATCC 12600,MIC,MIC,>31.2,µg/ml,,,,MHB,1E5,1E4 - 1E5,,1
14355,C18,KIWWK,AMD,,{},14355,Escherichia coli ATCC 25922,MIC,MIC,>31.2,µg/ml,,,,MHB,1E5,1E4 - 1E5,,1
14355,C18,KIWWK,AMD,,{},14355,Candida albicans ATCC 14053,MIC,MIC,>62.5,µg/ml,,,,YEPD,1E5,1E4 - 1E5,,1
14356,C18,RKWWK,AMD,,{},14356,Staphylococcus aureus ATCC 12600,MIC,MIC,31.2,µg/ml,,,,MHB,1E5,1E4 - 1E5,,1
14356,C18,RKWWK,AMD,,{},14356,Escherichia coli ATCC 25922,MIC,MIC,125,µg/ml,,,,MHB,1E5,1E4 - 1E5,,1
14356,C18,RKWWK,AMD,,{},14356,Candida albicans ATCC 14053,MIC,MIC,>62.5,µg/ml,,,,YEPD,1E5,1E4 - 1E5,,1
14357,C18,RIKWWK,AMD,,{},14357,Staphylococcus aureus ATCC 12600,MIC,MIC,31.2,µg/ml,,,,MHB,1E5,1E4 - 1E5,,1
14357,C18,RIKWWK,AMD,,{},14357,Escherichia coli ATCC 25922,MIC,MIC,>31.2,µg/ml,,,,MHB,1E5,1E4 - 1E5,,1
14357,C18,RIKWWK,AMD,,{},14357,Candida albicans ATCC 14053,MIC,MIC,>62.5,µg/ml,,,,YEPD,1E5,1E4 - 1E5,,1
14358,C18,RWWR,AMD,,{},14358,Staphylococcus aureus ATCC 12600,MIC,MIC,31.2,µg/ml,,,,MHB,1E5,1E4 - 1E5,,1
14358,C18,RWWR,AMD,,{},14358,Escherichia coli ATCC 25922,MIC,MIC,>31.2,µg/ml,,,,MHB,1E5,1E4 - 1E5,,1
14358,C18,RWWR,AMD,,{},14358,Candida albicans ATCC 14053,MIC,MIC,>62.5,µg/ml,,,,YEPD,1E5,1E4 - 1E5,,1
14359,C18,KRIWWR,AMD,,{},14359,Staphylococcus aureus ATCC 12600,MIC,MIC,15.6-31.2,µg/ml,,,,MHB,1E5,1E4 - 1E5,,1
14359,C18,KRIWWR,AMD,,{},14359,Escherichia coli ATCC 25922,MIC,MIC,>31.2,µg/ml,,,,MHB,1E5,1E4 - 1E5,,1
14359,C18,KRIWWR,AMD,,{},14359,Candida albicans ATCC 14053,MIC,MIC,>62.5,µg/ml,,,,YEPD,1E5,1E4 - 1E5,,1
14360,C18,KIKRWWR,AMD,,{},14360,Staphylococcus aureus ATCC 12600,MIC,MIC,>31.2,µg/ml,,,,MHB,1E5,1E4 - 1E5,,1
14360,C18,KIKRWWR,AMD,,{},14360,Escherichia coli ATCC 25922,MIC,MIC,>31.2,µg/ml,,,,MHB,1E5,1E4 - 1E5,,1
14360,C18,KIKRWWR,AMD,,{},14360,Candida albicans ATCC 14053,MIC,MIC,>62.5,µg/ml,,,,YEPD,1E5,1E4 - 1E5,,1
14361,C18,KIRWWR,AMD,,{},14361,Staphylococcus aureus ATCC 12600,MIC,MIC,>31.2,µg/ml,,,,MHB,1E5,1E4 - 1E5,,1
14361,C18,KIRWWR,AMD,,{},14361,Escherichia coli ATCC 25922,MIC,MIC,>31.2,µg/ml,,,,MHB,1E5,1E4 - 1E5,,1
14361,C18,KIRWWR,AMD,,{},14361,Candida albicans ATCC 14053,MIC,MIC,>62.5,µg/ml,,,,YEPD,1E5,1E4 - 1E5,,1
14362,C18,RWR,AMD,,{},14362,Staphylococcus aureus ATCC 12600,MIC,MIC,>31.2,µg/ml,,,,MHB,1E5,1E4 - 1E5,,1
14362,C18,RWR,AMD,,{},14362,Escherichia coli ATCC 25922,MIC,MIC,>31.2,µg/ml,,,,MHB,1E5,1E4 - 1E5,,1
14362,C18,RWR,AMD,,{},14362,Candida albicans ATCC 14053,MIC,MIC,>62.5,µg/ml,,,,YEPD,1E5,1E4 - 1E5,,1
14362,C18,RWR,AMD,,{},14362,Staphylococcus epidermidis ATCC 12228,MIC,MIC,8,µM,,,,MHB,5E5,1E5 - 1E6,,2
14362,C18,RWR,AMD,,{},14362,Staphylococcus aureus ATCC 25923,MIC,MIC,16,µM,,,,MHB,5E5,1E5 - 1E6,,2
14362,C18,RWR,AMD,,{},14362,Staphylococcus aureus ATCC 29213,MIC,MIC,128,µM,,,,MHB,5E5,1E5 - 1E6,,2
14362,C18,RWR,AMD,,{},14362,Bacillus subtilis ATCC 23857,MIC,MIC,16,µM,,,,MHB,5E5,1E5 - 1E6,,2
14362,C18,RWR,AMD,,{},14362,Staphylococcus aureus 75,MIC,MIC,8,µM,,,,MHB,5E5,1E5 - 1E6,MRSA clinical isolate,2
14362,C18,RWR,AMD,,{},14362,Staphylococcus aureus 113,MIC,MIC,8,µM,,,,MHB,5E5,1E5 - 1E6,MRSA clinical isolate,2
14362,C18,RWR,AMD,,{},14362,Pseudomonas aeruginosa ATCC 27853,MIC,MIC,128,µM,,,,MHB,5E5,1E5 - 1E6,,2
14362,C18,RWR,AMD,,{},14362,Pseudomonas aeruginosa ATCC 9027,MIC,MIC,128,µM,,,,MHB,5E5,1E5 - 1E6,,2
14362,C18,RWR,AMD,,{},14362,Klebsiella pneumoniae ATCC 700603,MIC,MIC,>128,µM,,,,MHB,5E5,1E5 - 1E6,,2
14362,C18,RWR,AMD,,{},14362,Acinetobacter baumannii ATCC 19606,MIC,MIC,64,µM,,,,MHB,5E5,1E5 - 1E6,,2
14363,C18,KIKRWR,AMD,,{},14363,Staphylococcus aureus ATCC 12600,MIC,MIC,>31.2,µg/ml,,,,MHB,1E5,1E4 - 1E5,,1
14363,C18,KIKRWR,AMD,,{},14363,Escherichia coli ATCC 25922,MIC,MIC,>31.2,µg/ml,,,,MHB,1E5,1E4 - 1E5,,1
14363,C18,KIKRWR,AMD,,{},14363,Candida albicans ATCC 14053,MIC,MIC,>62.5,µg/ml,,,,YEPD,1E5,1E4 - 1E5,,1
14364,C18,KKIRWR,AMD,,{},14364,Staphylococcus aureus ATCC 12600,MIC,MIC,15.6-31.2,µg/ml,,,,MHB,1E5,1E4 - 1E5,,1
14364,C18,KKIRWR,AMD,,{},14364,Escherichia coli ATCC 25922,MIC,MIC,>31.2,µg/ml,,,,MHB,1E5,1E4 - 1E5,,1
14364,C18,KKIRWR,AMD,,{},14364,Candida albicans ATCC 14053,MIC,MIC,>62.5,µg/ml,,,,YEPD,1E5,1E4 - 1E5,,1
14379,C18,KWK,AMD,,{},14379,Staphylococcus aureus ATCC 12600,MIC,MIC,31.2,µg/ml,,,,MHB,1E5,1E4 - 1E5,,1
14379,C18,KWK,AMD,,{},14379,Escherichia coli ATCC 25922,MIC,MIC,>31.2,µg/ml,,,,MHB,1E5,1E4 - 1E5,,1
14379,C18,KWK,AMD,,{},14379,Candida albicans ATCC 14053,MIC,MIC,>62.5,µg/ml,,,,YEPD,1E5,1E4 - 1E5,,1
14380,C18,KKWK,AMD,,{},14380,Staphylococcus aureus ATCC 12600,MIC,MIC,31.2,µg/ml,,,,MHB,1E5,1E4 - 1E5,,1
14380,C18,KKWK,AMD,,{},14380,Escherichia coli ATCC 25922,MIC,MIC,31.2,µg/ml,,,,MHB,1E5,1E4 - 1E5,,1
14380,C18,KKWK,AMD,,{},14380,Candida albicans ATCC 14053,MIC,MIC,31.2,µg/ml,,,,YEPD,1E5,1E4 - 1E5,,1
14381,C18,RIKWK,AMD,,{},14381,Staphylococcus aureus ATCC 12600,MIC,MIC,>31.2,µg/ml,,,,MHB,1E5,1E4 - 1E5,,1
14381,C18,RIKWK,AMD,,{},14381,Escherichia coli ATCC 25922,MIC,MIC,>31.2,µg/ml,,,,MHB,1E5,1E4 - 1E5,,1
14381,C18,RIKWK,AMD,,{},14381,Candida albicans ATCC 14053,MIC,MIC,>62.5,µg/ml,,,,YEPD,1E5,1E4 - 1E5,,1
14382,C18,RWRW,AMD,,{},14382,Staphylococcus aureus ATCC 12600,MIC,MIC,>31.2,µg/ml,,,,MHB,1E5,1E4 - 1E5,,1
14382,C18,RWRW,AMD,,{},14382,Escherichia coli ATCC 25922,MIC,MIC,>31.2,µg/ml,,,,MHB,1E5,1E4 - 1E5,,1
14382,C18,RWRW,AMD,,{},14382,Candida albicans ATCC 14053,MIC,MIC,>62.5,µg/ml,,,,YEPD,1E5,1E4 - 1E5,,1
14383,C18,KWKW,AMD,,{},14383,Staphylococcus aureus ATCC 12600,MIC,MIC,>31.2,µg/ml,,,,MHB,1E5,1E4 - 1E5,,1
14383,C18,KWKW,AMD,,{},14383,Escherichia coli ATCC 25922,MIC,MIC,>31.2,µg/ml,,,,MHB,1E5,1E4 - 1E5,,1
14383,C18,KWKW,AMD,,{},14383,Candida albicans ATCC 14053,MIC,MIC,>62.5,µg/ml,,,,YEPD,1E5,1E4 - 1E5,,1
14384,C18,KKWW,AMD,,{},14384,Staphylococcus aureus ATCC 12600,MIC,MIC,>31.2,µg/ml,,,,MHB,1E5,1E4 - 1E5,,1
14384,C18,KKWW,AMD,,{},14384,Escherichia coli ATCC 25922,MIC,MIC,>31.2,µg/ml,,,,MHB,1E5,1E4 - 1E5,,1
14384,C18,KKWW,AMD,,{},14384,Candida albicans ATCC 14053,MIC,MIC,>62.5,µg/ml,,,,YEPD,1E5,1E4 - 1E5,,1
14666,C18,ER,AMD,,{},,,,,,,,,,,,,,
14668,C18,ELR,AMD,,{},14668,Pseudomonas aeruginosa ATCC 27853,MIC,MIC,>100,µM,,,,MHB,5E5-1E6,1E5 - 1E6,,1
14668,C18,ELR,AMD,,{},14668,Staphylococcus aureus ATCC 6538,MIC,MIC,>100,µM,,,,MHB,5E5-1E6,1E5 - 1E6,,1
14668,C18,ELR,AMD,,{},14668,Escherichia coli K-12,MIC,MIC,>100,µM,,,,MHB,5E5-1E6,1E5 - 1E6,,1
14670,C18,CGCER,AMD,,{},,,,,,,,,,,,,,
14672,C18,CGCQLR,AMD,,{},14672,Pseudomonas aeruginosa ATCC 27853,MIC,MIC,>100,µM,,,,MHB,5E5-1E6,1E5 - 1E6,,1
14672,C18,CGCQLR,AMD,,{},14672,Staphylococcus aureus ATCC 6538,MIC,MIC,>100,µM,,,,MHB,5E5-1E6,1E5 - 1E6,,1
14672,C18,CGCQLR,AMD,,{},14672,Escherichia coli K-12,MIC,MIC,>100,µM,,,,MHB,5E5-1E6,1E5 - 1E6,,1
14905,C18,RR,AMD,,{},14905,Staphylococcus aureus ATCC 25923,MIC,MIC,16,µg/ml,,,,MHB,5E5,1E5 - 1E6,,1
14905,C18,RR,AMD,,{},14905,Pseudomonas aeruginosa ATCC 9027,MIC,MIC,64,µg/ml,,,,MHB,5E5,1E5 - 1E6,,1
14905,C18,RR,AMD,,{},14905,Candida albicans ATCC 10231,MIC,MIC,4,µg/ml,,,,RPMI-1640,2E3,1E3 - 1E4,,1
14905,C18,RR,AMD,,{},14905,Enterococcus faecium ATCC 700221,MIC,MIC,8,µg/ml,,,,MHB,5E5,1E5 - 1E6,,1
14905,C18,RR,AMD,,{},14905,Staphylococcus aureus ATCC 33591,MIC,MIC,16,µg/ml,,,,MHB,5E5,1E5 - 1E6,,1
14905,C18,RR,AMD,,{},14905,Klebsiella pneumoniae ATCC 700603,MIC,MIC,16,µg/ml,,,,MHB,5E5,1E5 - 1E6,,1
14905,C18,RR,AMD,,{},14905,Acinetobacter baumannii ATCC BAA-1605,MIC,MIC,32,µg/ml,,,,MHB,5E5,1E5 - 1E6,,1
14905,C18,RR,AMD,,{},14905,Klebsiella aerogenes ATCC 13048,MIC,MIC,16,µg/ml,,,,MHB,5E5,1E5 - 1E6,,1
15826,C18,KKKKK,,,{},15826,Staphylococcus aureus JE2,MIC,MIC,8,µg/ml,,,,CAMHB,5E5,1E5 - 1E6,MRSA,1
15826,C18,KKKKK,,,{},15826,Staphylococcus aureus LAC,MIC,MIC,8,µg/ml,,,,CAMHB,5E5,1E5 - 1E6,MRSA,1
15826,C18,KKKKK,,,{},15826,Staphylococcus aureus ATCC 43300,MIC,MIC,1,µg/ml,,,,CAMHB,5E5,1E5 - 1E6,MRSA,1
15826,C18,KKKKK,,,{},15826,Escherichia coli K-12,MIC,MIC,4,µg/ml,,,,CAMHB,5E5,1E5 - 1E6,,1
15826,C18,KKKKK,,,{},15826,Escherichia coli ATCC 25922,MIC,MIC,1,µg/ml,,,,CAMHB,5E5,1E5 - 1E6,,1
15826,C18,KKKKK,,,{},15826,Pseudomonas aeruginosa PAO1,MIC,MIC,4,µg/ml,,,,CAMHB,5E5,1E5 - 1E6,,1
15826,C18,KKKKK,,,{},15826,Pseudomonas aeruginosa ATCC 27853,MIC,MIC,4,µg/ml,,,,CAMHB,5E5,1E5 - 1E6,,1
15826,C18,KKKKK,,,{},15826,Klebsiella pneumoniae ATCC 700603,MIC,MIC,16,µg/ml,,,,CAMHB,5E5,1E5 - 1E6,,1
15826,C18,KKKKK,,,{},15826,Acinetobacter baumannii ATCC 19606,MIC,MIC,16,µg/ml,,,,CAMHB,5E5,1E5 - 1E6,,1
15826,C18,KKKKK,,,{},15826,Candida albicans ATCC 90028,MIC,MIC,32,µg/ml,,,,YEPD,2.5E3,1E3 - 1E4,,1
15826,C18,KKKKK,,,{},15826,Cryptococcus neoformans var. grubii H99,MIC,MIC,1,µg/ml,,,,YEPD,2.5E3,1E3 - 1E4,,1
15831,C18,XKKKKK,,LYS-C18,"{""1"": ""LYS-C18""}",15831,Staphylococcus aureus JE2,MIC,MIC,>32,µg/ml,,,,CAMHB,5E5,1E5 - 1E6,MRSA,1
15831,C18,XKKKKK,,LYS-C18,"{""1"": ""LYS-C18""}",15831,Staphylococcus aureus LAC,MIC,MIC,>32,µg/ml,,,,CAMHB,5E5,1E5 - 1E6,MRSA,1
15831,C18,XKKKKK,,LYS-C18,"{""1"": ""LYS-C18""}",15831,Staphylococcus aureus ATCC 43300,MIC,MIC,>32,µg/ml,,,,CAMHB,5E5,1E5 - 1E6,MRSA,1
15831,C18,XKKKKK,,LYS-C18,"{""1"": ""LYS-C18""}",15831,Escherichia coli K-12,MIC,MIC,>32,µg/ml,,,,CAMHB,5E5,1E5 - 1E6,,1
15831,C18,XKKKKK,,LYS-C18,"{""1"": ""LYS-C18""}",15831,Escherichia coli ATCC 25922,MIC,MIC,>32,µg/ml,,,,CAMHB,5E5,1E5 - 1E6,,1
15831,C18,XKKKKK,,LYS-C18,"{""1"": ""LYS-C18""}",15831,Pseudomonas aeruginosa PAO1,MIC,MIC,>32,µg/ml,,,,CAMHB,5E5,1E5 - 1E6,,1
15831,C18,XKKKKK,,LYS-C18,"{""1"": ""LYS-C18""}",15831,Pseudomonas aeruginosa ATCC 27853,MIC,MIC,>32,µg/ml,,,,CAMHB,5E5,1E5 - 1E6,,1
15831,C18,XKKKKK,,LYS-C18,"{""1"": ""LYS-C18""}",15831,Klebsiella pneumoniae ATCC 700603,MIC,MIC,>32,µg/ml,,,,CAMHB,5E5,1E5 - 1E6,,1
15831,C18,XKKKKK,,LYS-C18,"{""1"": ""LYS-C18""}",15831,Acinetobacter baumannii ATCC 19606,MIC,MIC,>32,µg/ml,,,,CAMHB,5E5,1E5 - 1E6,,1
15831,C18,XKKKKK,,LYS-C18,"{""1"": ""LYS-C18""}",15831,Candida albicans ATCC 90028,MIC,MIC,>32,µg/ml,,,,YEPD,2.5E3,1E3 - 1E4,,1
15831,C18,XKKKKK,,LYS-C18,"{""1"": ""LYS-C18""}",15831,Cryptococcus neoformans var. grubii H99,MIC,MIC,>32,µg/ml,,,,YEPD,2.5E3,1E3 - 1E4,,1
15832,C18,XXXXX,,"ORN, ORN, ORN, ORN, ORN","{""1"": ""ORN"", ""2"": ""ORN"", ""3"": ""ORN"", ""4"": ""ORN"", ""5"": ""ORN""}",15832,Staphylococcus aureus JE2,MIC,MIC,8,µg/ml,,,,CAMHB,5E5,1E5 - 1E6,MRSA,1
15832,C18,XXXXX,,"ORN, ORN, ORN, ORN, ORN","{""1"": ""ORN"", ""2"": ""ORN"", ""3"": ""ORN"", ""4"": ""ORN"", ""5"": ""ORN""}",15832,Staphylococcus aureus LAC,MIC,MIC,16,µg/ml,,,,CAMHB,5E5,1E5 - 1E6,MRSA,1
15832,C18,XXXXX,,"ORN, ORN, ORN, ORN, ORN","{""1"": ""ORN"", ""2"": ""ORN"", ""3"": ""ORN"", ""4"": ""ORN"", ""5"": ""ORN""}",15832,Staphylococcus aureus ATCC 43300,MIC,MIC,1,µg/ml,,,,CAMHB,5E5,1E5 - 1E6,MRSA,1
15832,C18,XXXXX,,"ORN, ORN, ORN, ORN, ORN","{""1"": ""ORN"", ""2"": ""ORN"", ""3"": ""ORN"", ""4"": ""ORN"", ""5"": ""ORN""}",15832,Escherichia coli K-12,MIC,MIC,16,µg/ml,,,,CAMHB,5E5,1E5 - 1E6,,1
15832,C18,XXXXX,,"ORN, ORN, ORN, ORN, ORN","{""1"": ""ORN"", ""2"": ""ORN"", ""3"": ""ORN"", ""4"": ""ORN"", ""5"": ""ORN""}",15832,Escherichia coli ATCC 25922,MIC,MIC,2,µg/ml,,,,CAMHB,5E5,1E5 - 1E6,,1
15832,C18,XXXXX,,"ORN, ORN, ORN, ORN, ORN","{""1"": ""ORN"", ""2"": ""ORN"", ""3"": ""ORN"", ""4"": ""ORN"", ""5"": ""ORN""}",15832,Pseudomonas aeruginosa PAO1,MIC,MIC,16,µg/ml,,,,CAMHB,5E5,1E5 - 1E6,,1
15832,C18,XXXXX,,"ORN, ORN, ORN, ORN, ORN","{""1"": ""ORN"", ""2"": ""ORN"", ""3"": ""ORN"", ""4"": ""ORN"", ""5"": ""ORN""}",15832,Pseudomonas aeruginosa ATCC 27853,MIC,MIC,4,µg/ml,,,,CAMHB,5E5,1E5 - 1E6,,1
15832,C18,XXXXX,,"ORN, ORN, ORN, ORN, ORN","{""1"": ""ORN"", ""2"": ""ORN"", ""3"": ""ORN"", ""4"": ""ORN"", ""5"": ""ORN""}",15832,Klebsiella pneumoniae ATCC 700603,MIC,MIC,16,µg/ml,,,,CAMHB,5E5,1E5 - 1E6,,1
15832,C18,XXXXX,,"ORN, ORN, ORN, ORN, ORN","{""1"": ""ORN"", ""2"": ""ORN"", ""3"": ""ORN"", ""4"": ""ORN"", ""5"": ""ORN""}",15832,Acinetobacter baumannii ATCC 19606,MIC,MIC,16,µg/ml,,,,CAMHB,5E5,1E5 - 1E6,,1
15832,C18,XXXXX,,"ORN, ORN, ORN, ORN, ORN","{""1"": ""ORN"", ""2"": ""ORN"", ""3"": ""ORN"", ""4"": ""ORN"", ""5"": ""ORN""}",15832,Candida albicans ATCC 90028,MIC,MIC,4,µg/ml,,,,YEPD,2.5E3,1E3 - 1E4,,1
15832,C18,XXXXX,,"ORN, ORN, ORN, ORN, ORN","{""1"": ""ORN"", ""2"": ""ORN"", ""3"": ""ORN"", ""4"": ""ORN"", ""5"": ""ORN""}",15832,Cryptococcus neoformans var. grubii H99,MIC,MIC,<=0.25,µg/ml,,,,YEPD,2.5E3,1E3 - 1E4,,1
15833,C18,RRRRR,,,{},15833,Staphylococcus aureus JE2,MIC,MIC,16,µg/ml,,,,CAMHB,5E5,1E5 - 1E6,MRSA,1
15833,C18,RRRRR,,,{},15833,Staphylococcus aureus LAC,MIC,MIC,32,µg/ml,,,,CAMHB,5E5,1E5 - 1E6,MRSA,1
15833,C18,RRRRR,,,{},15833,Staphylococcus aureus ATCC 43300,MIC,MIC,>32,µg/ml,,,,CAMHB,5E5,1E5 - 1E6,MRSA,1
15833,C18,RRRRR,,,{},15833,Escherichia coli K-12,MIC,MIC,>=32,µg/ml,,,,CAMHB,5E5,1E5 - 1E6,,1
15833,C18,RRRRR,,,{},15833,Escherichia coli ATCC 25922,MIC,MIC,>32,µg/ml,,,,CAMHB,5E5,1E5 - 1E6,,1
15833,C18,RRRRR,,,{},15833,Pseudomonas aeruginosa PAO1,MIC,MIC,>32,µg/ml,,,,CAMHB,5E5,1E5 - 1E6,,1
15833,C18,RRRRR,,,{},15833,Pseudomonas aeruginosa ATCC 27853,MIC,MIC,>32,µg/ml,,,,CAMHB,5E5,1E5 - 1E6,,1
15833,C18,RRRRR,,,{},15833,Klebsiella pneumoniae ATCC 700603,MIC,MIC,>32,µg/ml,,,,CAMHB,5E5,1E5 - 1E6,,1
15833,C18,RRRRR,,,{},15833,Acinetobacter baumannii ATCC 19606,MIC,MIC,>32,µg/ml,,,,CAMHB,5E5,1E5 - 1E6,,1
15833,C18,RRRRR,,,{},15833,Candida albicans ATCC 90028,MIC,MIC,>32,µg/ml,,,,YEPD,2.5E3,1E3 - 1E4,,1
15833,C18,RRRRR,,,{},15833,Cryptococcus neoformans var. grubii H99,MIC,MIC,16,µg/ml,,,,YEPD,2.5E3,1E3 - 1E4,,1
15836,C18,VVVKKKKK,,,{},15836,Staphylococcus aureus JE2,MIC,MIC,>32,µg/ml,,,,CAMHB,5E5,1E5 - 1E6,MRSA,1
15836,C18,VVVKKKKK,,,{},15836,Staphylococcus aureus LAC,MIC,MIC,>32,µg/ml,,,,CAMHB,5E5,1E5 - 1E6,MRSA,1
15836,C18,VVVKKKKK,,,{},15836,Staphylococcus aureus ATCC 43300,MIC,MIC,16,µg/ml,,,,CAMHB,5E5,1E5 - 1E6,MRSA,1
15836,C18,VVVKKKKK,,,{},15836,Escherichia coli K-12,MIC,MIC,>32,µg/ml,,,,CAMHB,5E5,1E5 - 1E6,,1
15836,C18,VVVKKKKK,,,{},15836,Escherichia coli ATCC 25922,MIC,MIC,>32,µg/ml,,,,CAMHB,5E5,1E5 - 1E6,,1
15836,C18,VVVKKKKK,,,{},15836,Pseudomonas aeruginosa ATCC 27853,MIC,MIC,>32,µg/ml,,,,CAMHB,5E5,1E5 - 1E6,,1
15836,C18,VVVKKKKK,,,{},15836,Klebsiella pneumoniae ATCC 700603,MIC,MIC,>32,µg/ml,,,,CAMHB,5E5,1E5 - 1E6,,1
15836,C18,VVVKKKKK,,,{},15836,Acinetobacter baumannii ATCC 19606,MIC,MIC,>32,µg/ml,,,,CAMHB,5E5,1E5 - 1E6,,1
15836,C18,VVVKKKKK,,,{},15836,Candida albicans ATCC 90028,MIC,MIC,>32,µg/ml,,,,YEPD,2.5E3,1E3 - 1E4,,1
15836,C18,VVVKKKKK,,,{},15836,Cryptococcus neoformans var. grubii H99,MIC,MIC,<=0.25,µg/ml,,,,YEPD,2.5E3,1E3 - 1E4,,1
15839,C18,KKKX,,NLys,"{""4"": ""NLys""}",15839,Staphylococcus aureus JE2,MIC,MIC,8,µg/ml,,,,CAMHB,5E5,1E5 - 1E6,MRSA,1
15839,C18,KKKX,,NLys,"{""4"": ""NLys""}",15839,Staphylococcus aureus LAC,MIC,MIC,8,µg/ml,,,,CAMHB,5E5,1E5 - 1E6,MRSA,1
15839,C18,KKKX,,NLys,"{""4"": ""NLys""}",15839,Staphylococcus aureus ATCC 43300,MIC,MIC,2,µg/ml,,,,CAMHB,5E5,1E5 - 1E6,MRSA,1
15839,C18,KKKX,,NLys,"{""4"": ""NLys""}",15839,Escherichia coli K-12,MIC,MIC,16,µg/ml,,,,CAMHB,5E5,1E5 - 1E6,,1
15839,C18,KKKX,,NLys,"{""4"": ""NLys""}",15839,Escherichia coli ATCC 25922,MIC,MIC,4,µg/ml,,,,CAMHB,5E5,1E5 - 1E6,,1
15839,C18,KKKX,,NLys,"{""4"": ""NLys""}",15839,Pseudomonas aeruginosa ATCC 27853,MIC,MIC,8,µg/ml,,,,CAMHB,5E5,1E5 - 1E6,,1
15839,C18,KKKX,,NLys,"{""4"": ""NLys""}",15839,Klebsiella pneumoniae ATCC 700603,MIC,MIC,8,µg/ml,,,,CAMHB,5E5,1E5 - 1E6,,1
15839,C18,KKKX,,NLys,"{""4"": ""NLys""}",15839,Acinetobacter baumannii ATCC 19606,MIC,MIC,16,µg/ml,,,,CAMHB,5E5,1E5 - 1E6,,1
15839,C18,KKKX,,NLys,"{""4"": ""NLys""}",15839,Candida albicans ATCC 90028,MIC,MIC,16,µg/ml,,,,YEPD,2.5E3,1E3 - 1E4,,1
15839,C18,KKKX,,NLys,"{""4"": ""NLys""}",15839,Cryptococcus neoformans var. grubii H99,MIC,MIC,0.5,µg/ml,,,,YEPD,2.5E3,1E3 - 1E4,,1
16554,C18,wrrrrrrrrG,AMD,,{},16554,Duck Hepatitis B Virus (DHBV),IC50,IC50 REP,1.9,µM,,,,,,,In Primary duck hepatocytes (PDH),1
16554,C18,wrrrrrrrrG,AMD,,{},16554,Duck Hepatitis B Virus (DHBV),IC50 REP,IC50 REP,1.8,µM,,,,,,,In Avian hepatoma cells LMH-D2,1
17737,C18,RWW,AMD,,{},17737,Staphylococcus epidermidis ATCC 12228,MIC,MIC,128,µM,,,,MHB,5E5,1E5 - 1E6,,1
17737,C18,RWW,AMD,,{},17737,Staphylococcus aureus ATCC 25923,MIC,MIC,>128,µM,,,,MHB,5E5,1E5 - 1E6,,1
17737,C18,RWW,AMD,,{},17737,Staphylococcus aureus ATCC 29213,MIC,MIC,>128,µM,,,,MHB,5E5,1E5 - 1E6,,1
17737,C18,RWW,AMD,,{},17737,Staphylococcus aureus 75,MIC,MIC,>128,µM,,,,MHB,5E5,1E5 - 1E6,MRSA clinical isolate,1
17737,C18,RWW,AMD,,{},17737,Staphylococcus aureus 113,MIC,MIC,>128,µM,,,,MHB,5E5,1E5 - 1E6,MRSA clinical isolate,1
17737,C18,RWW,AMD,,{},17737,Bacillus subtilis ATCC 23857,MIC,MIC,>128,µM,,,,MHB,5E5,1E5 - 1E6,,1
17737,C18,RWW,AMD,,{},17737,Escherichia coli ATCC 25922,MIC,MIC,>128,µM,,,,MHB,5E5,1E5 - 1E6,,1
17737,C18,RWW,AMD,,{},17737,Pseudomonas aeruginosa ATCC 27853,MIC,MIC,>128,µM,,,,MHB,5E5,1E5 - 1E6,,1
17737,C18,RWW,AMD,,{},17737,Pseudomonas aeruginosa ATCC 9027,MIC,MIC,>128,µM,,,,MHB,5E5,1E5 - 1E6,,1
17737,C18,RWW,AMD,,{},17737,Klebsiella pneumoniae ATCC 700603,MIC,MIC,>128,µM,,,,MHB,5E5,1E5 - 1E6,,1
17737,C18,RWW,AMD,,{},17737,Acinetobacter baumannii ATCC 19606,MIC,MIC,>128,µM,,,,MHB,5E5,1E5 - 1E6,,1
17743,C18,RRW,AMD,,{},17743,Staphylococcus epidermidis ATCC 12228,MIC,MIC,4,µM,,,,MHB,5E5,1E5 - 1E6,,1
17743,C18,RRW,AMD,,{},17743,Staphylococcus aureus ATCC 25923,MIC,MIC,8,µM,,,,MHB,5E5,1E5 - 1E6,,1
17743,C18,RRW,AMD,,{},17743,Staphylococcus aureus ATCC 29213,MIC,MIC,8,µM,,,,MHB,5E5,1E5 - 1E6,,1
17743,C18,RRW,AMD,,{},17743,Bacillus subtilis ATCC 23857,MIC,MIC,8,µM,,,,MHB,5E5,1E5 - 1E6,,1
17743,C18,RRW,AMD,,{},17743,Staphylococcus aureus 75,MIC,MIC,16,µM,,,,MHB,5E5,1E5 - 1E6,MRSA clinical isolate,1
17743,C18,RRW,AMD,,{},17743,Staphylococcus aureus 113,MIC,MIC,8,µM,,,,MHB,5E5,1E5 - 1E6,MRSA clinical isolate,1
17743,C18,RRW,AMD,,{},17743,Escherichia coli ATCC 25922,MIC,MIC,>128,µM,,,,MHB,5E5,1E5 - 1E6,,1
17743,C18,RRW,AMD,,{},17743,Pseudomonas aeruginosa ATCC 27853,MIC,MIC,>128,µM,,,,MHB,5E5,1E5 - 1E6,,1
17743,C18,RRW,AMD,,{},17743,Pseudomonas aeruginosa ATCC 9027,MIC,MIC,128,µM,,,,MHB,5E5,1E5 - 1E6,,1
17743,C18,RRW,AMD,,{},17743,Klebsiella pneumoniae ATCC 700603,MIC,MIC,>128,µM,,,,MHB,5E5,1E5 - 1E6,,1
17743,C18,RRW,AMD,,{},17743,Acinetobacter baumannii ATCC 19606,MIC,MIC,64,µM,,,,MHB,5E5,1E5 - 1E6,,1
17781,C18,RRR,AMD,,{},17781,Staphylococcus epidermidis ATCC 12228,MIC,MIC,8,µM,,,,MHB,5E5,1E5 - 1E6,,1
17781,C18,RRR,AMD,,{},17781,Staphylococcus aureus ATCC 25923,MIC,MIC,4,µM,,,,MHB,5E5,1E5 - 1E6,,1
17781,C18,RRR,AMD,,{},17781,Staphylococcus aureus ATCC 29213,MIC,MIC,4,µM,,,,MHB,5E5,1E5 - 1E6,,1
17781,C18,RRR,AMD,,{},17781,Bacillus subtilis ATCC 23857,MIC,MIC,8,µM,,,,MHB,5E5,1E5 - 1E6,,1
17781,C18,RRR,AMD,,{},17781,Staphylococcus aureus 75,MIC,MIC,4,µM,,,,MHB,5E5,1E5 - 1E6,MRSA clinical isolate,1
17781,C18,RRR,AMD,,{},17781,Staphylococcus aureus 113,MIC,MIC,2,µM,,,,MHB,5E5,1E5 - 1E6,MRSA clinical isolate,1
17781,C18,RRR,AMD,,{},17781,Escherichia coli ATCC 25922,MIC,MIC,8,µM,,,,MHB,5E5,1E5 - 1E6,,1
17781,C18,RRR,AMD,,{},17781,Pseudomonas aeruginosa ATCC 27853,MIC,MIC,16,µM,,,,MHB,5E5,1E5 - 1E6,,1
17781,C18,RRR,AMD,,{},17781,Pseudomonas aeruginosa ATCC 9027,MIC,MIC,32,µM,,,,MHB,5E5,1E5 - 1E6,,1
17781,C18,RRR,AMD,,{},17781,Klebsiella pneumoniae ATCC 700603,MIC,MIC,16,µM,,,,MHB,5E5,1E5 - 1E6,,1
17781,C18,RRR,AMD,,{},17781,Acinetobacter baumannii ATCC 19606,MIC,MIC,32,µM,,,,MHB,5E5,1E5 - 1E6,,1
17787,C18,WRR,AMD,,{},17787,Staphylococcus epidermidis ATCC 12228,MIC,MIC,8,µM,,,,MHB,5E5,1E5 - 1E6,,1
17787,C18,WRR,AMD,,{},17787,Staphylococcus aureus ATCC 25923,MIC,MIC,16,µM,,,,MHB,5E5,1E5 - 1E6,,1
17787,C18,WRR,AMD,,{},17787,Staphylococcus aureus ATCC 29213,MIC,MIC,32,µM,,,,MHB,5E5,1E5 - 1E6,,1
17787,C18,WRR,AMD,,{},17787,Bacillus subtilis ATCC 23857,MIC,MIC,16,µM,,,,MHB,5E5,1E5 - 1E6,,1
17787,C18,WRR,AMD,,{},17787,Staphylococcus aureus 75,MIC,MIC,16,µM,,,,MHB,5E5,1E5 - 1E6,MRSA clinical isolate,1
17787,C18,WRR,AMD,,{},17787,Staphylococcus aureus 113,MIC,MIC,1,µM,,,,MHB,5E5,1E5 - 1E6,MRSA clinical isolate,1
17787,C18,WRR,AMD,,{},17787,Escherichia coli ATCC 25922,MIC,MIC,>128,µM,,,,MHB,5E5,1E5 - 1E6,,1
17787,C18,WRR,AMD,,{},17787,Pseudomonas aeruginosa ATCC 27853,MIC,MIC,>128,µM,,,,MHB,5E5,1E5 - 1E6,,1
17787,C18,WRR,AMD,,{},17787,Pseudomonas aeruginosa ATCC 9027,MIC,MIC,>128,µM,,,,MHB,5E5,1E5 - 1E6,,1
17787,C18,WRR,AMD,,{},17787,Klebsiella pneumoniae ATCC 700603,MIC,MIC,>128,µM,,,,MHB,5E5,1E5 - 1E6,,1
17787,C18,WRR,AMD,,{},17787,Acinetobacter baumannii ATCC 19606,MIC,MIC,64,µM,,,,MHB,5E5,1E5 - 1E6,,1
18098,C18,XXXX,AMD,"3-Abz, ORN, ORN, ORN","{""1"": ""3-Abz"", ""2"": ""ORN"", ""3"": ""ORN"", ""4"": ""ORN""}",18098,Escherichia coli MTCC 0723,MIC,MIC,6.25,µg/ml,,,,MHB,1E5,1E4 - 1E5,,1
18098,C18,XXXX,AMD,"3-Abz, ORN, ORN, ORN","{""1"": ""3-Abz"", ""2"": ""ORN"", ""3"": ""ORN"", ""4"": ""ORN""}",18098,Escherichia coli PGI/DML02292,MIC,MIC,7.5,µg/ml,,,,MHB,1E5,1E4 - 1E5,Imipenem resistant clinical isolate,1
18098,C18,XXXX,AMD,"3-Abz, ORN, ORN, ORN","{""1"": ""3-Abz"", ""2"": ""ORN"", ""3"": ""ORN"", ""4"": ""ORN""}",18098,Pseudomonas aeruginosa MTCC 2295,MIC,MIC,10,µg/ml,,,,MHB,1E5,1E4 - 1E5,,1
18098,C18,XXXX,AMD,"3-Abz, ORN, ORN, ORN","{""1"": ""3-Abz"", ""2"": ""ORN"", ""3"": ""ORN"", ""4"": ""ORN""}",18098,Staphylococcus aureus MTCC 3160,MIC,MIC,12.5,µg/ml,,,,MHB,1E5,1E4 - 1E5,,1
18098,C18,XXXX,AMD,"3-Abz, ORN, ORN, ORN","{""1"": ""3-Abz"", ""2"": ""ORN"", ""3"": ""ORN"", ""4"": ""ORN""}",18098,Staphylococcus aureus PGI/DML03149,MIC,MIC,10.5,µg/ml,,,,MHB,1E5,1E4 - 1E5,MRSA clinical isolate,1
18098,C18,XXXX,AMD,"3-Abz, ORN, ORN, ORN","{""1"": ""3-Abz"", ""2"": ""ORN"", ""3"": ""ORN"", ""4"": ""ORN""}",18098,Bacillus subtilis MTCC 2763,MIC,MIC,25,µg/ml,,,,MHB,1E5,1E4 - 1E5,,1
18098,C18,XXXX,AMD,"3-Abz, ORN, ORN, ORN","{""1"": ""3-Abz"", ""2"": ""ORN"", ""3"": ""ORN"", ""4"": ""ORN""}",18098,Candida albicans ATCC 24433,MIC,MIC,2.25,µg/ml,,,,RPMI-1640,2.5E3,1E3 - 1E4,,1
18098,C18,XXXX,AMD,"3-Abz, ORN, ORN, ORN","{""1"": ""3-Abz"", ""2"": ""ORN"", ""3"": ""ORN"", ""4"": ""ORN""}",18098,Candida albicans PGI/DML0109,MIC,MIC,2,µg/ml,,,,RPMI-1640,2.5E3,1E3 - 1E4,Fluconazole resistant clinical isolates,1
18098,C18,XXXX,AMD,"3-Abz, ORN, ORN, ORN","{""1"": ""3-Abz"", ""2"": ""ORN"", ""3"": ""ORN"", ""4"": ""ORN""}",18098,Cryptococcus neoformans ATCC 2344,MIC,MIC,6.5,µg/ml,,,,RPMI-1640,2.5E3,1E3 - 1E4,,1
18098,C18,XXXX,AMD,"3-Abz, ORN, ORN, ORN","{""1"": ""3-Abz"", ""2"": ""ORN"", ""3"": ""ORN"", ""4"": ""ORN""}",18098,Aspergillus fumigatus ATCC 42203,MIC,MIC,2,µg/ml,,,,RPMI-1640,2.5E3,1E3 - 1E4,,1
18098,C18,XXXX,AMD,"3-Abz, ORN, ORN, ORN","{""1"": ""3-Abz"", ""2"": ""ORN"", ""3"": ""ORN"", ""4"": ""ORN""}",18098,Aspergillus fumigatus IGMC/LM1/0336,MIC,MIC,2.5,µg/ml,,,,RPMI-1640,2.5E3,1E3 - 1E4,Fluconazole resistant clinical isolates,1
18098,C18,XXXX,AMD,"3-Abz, ORN, ORN, ORN","{""1"": ""3-Abz"", ""2"": ""ORN"", ""3"": ""ORN"", ""4"": ""ORN""}",18098,Aspergillus niger ATCC 64028,MIC,MIC,3.5,µg/ml,,,,RPMI-1640,2.5E3,1E3 - 1E4,,1
18103,C18,XXXXX,AMD,"3-Abz, ORN, ORN, ORN, ORN","{""1"": ""3-Abz"", ""2"": ""ORN"", ""3"": ""ORN"", ""4"": ""ORN"", ""5"": ""ORN""}",18103,Escherichia coli MTCC 0723,MIC,MIC,3.5,µg/ml,,,,MHB,1E5,1E4 - 1E5,,1
18103,C18,XXXXX,AMD,"3-Abz, ORN, ORN, ORN, ORN","{""1"": ""3-Abz"", ""2"": ""ORN"", ""3"": ""ORN"", ""4"": ""ORN"", ""5"": ""ORN""}",18103,Escherichia coli PGI/DML02292,MIC,MIC,5,µg/ml,,,,MHB,1E5,1E4 - 1E5,Imipenem resistant clinical isolate,1
18103,C18,XXXXX,AMD,"3-Abz, ORN, ORN, ORN, ORN","{""1"": ""3-Abz"", ""2"": ""ORN"", ""3"": ""ORN"", ""4"": ""ORN"", ""5"": ""ORN""}",18103,Pseudomonas aeruginosa MTCC 2295,MIC,MIC,6.25,µg/ml,,,,MHB,1E5,1E4 - 1E5,,1
18103,C18,XXXXX,AMD,"3-Abz, ORN, ORN, ORN, ORN","{""1"": ""3-Abz"", ""2"": ""ORN"", ""3"": ""ORN"", ""4"": ""ORN"", ""5"": ""ORN""}",18103,Staphylococcus aureus MTCC 3160,MIC,MIC,10,µg/ml,,,,MHB,1E5,1E4 - 1E5,,1
18103,C18,XXXXX,AMD,"3-Abz, ORN, ORN, ORN, ORN","{""1"": ""3-Abz"", ""2"": ""ORN"", ""3"": ""ORN"", ""4"": ""ORN"", ""5"": ""ORN""}",18103,Staphylococcus aureus PGI/DML03149,MIC,MIC,10.5,µg/ml,,,,MHB,1E5,1E4 - 1E5,MRSA clinical isolate,1
18103,C18,XXXXX,AMD,"3-Abz, ORN, ORN, ORN, ORN","{""1"": ""3-Abz"", ""2"": ""ORN"", ""3"": ""ORN"", ""4"": ""ORN"", ""5"": ""ORN""}",18103,Bacillus subtilis MTCC 2763,MIC,MIC,12.5,µg/ml,,,,MHB,1E5,1E4 - 1E5,,1
18103,C18,XXXXX,AMD,"3-Abz, ORN, ORN, ORN, ORN","{""1"": ""3-Abz"", ""2"": ""ORN"", ""3"": ""ORN"", ""4"": ""ORN"", ""5"": ""ORN""}",18103,Candida albicans ATCC 24433,MIC,MIC,1.5,µg/ml,,,,RPMI-1640,2.5E3,1E3 - 1E4,,1
18103,C18,XXXXX,AMD,"3-Abz, ORN, ORN, ORN, ORN","{""1"": ""3-Abz"", ""2"": ""ORN"", ""3"": ""ORN"", ""4"": ""ORN"", ""5"": ""ORN""}",18103,Candida albicans PGI/DML0109,MIC,MIC,2,µg/ml,,,,RPMI-1640,2.5E3,1E3 - 1E4,Fluconazole resistant clinical isolates,1
18103,C18,XXXXX,AMD,"3-Abz, ORN, ORN, ORN, ORN","{""1"": ""3-Abz"", ""2"": ""ORN"", ""3"": ""ORN"", ""4"": ""ORN"", ""5"": ""ORN""}",18103,Cryptococcus neoformans ATCC 2344,MIC,MIC,5.5,µg/ml,,,,RPMI-1640,2.5E3,1E3 - 1E4,,1
18103,C18,XXXXX,AMD,"3-Abz, ORN, ORN, ORN, ORN","{""1"": ""3-Abz"", ""2"": ""ORN"", ""3"": ""ORN"", ""4"": ""ORN"", ""5"": ""ORN""}",18103,Aspergillus fumigatus ATCC 42203,MIC,MIC,1.5,µg/ml,,,,RPMI-1640,2.5E3,1E3 - 1E4,,1
18103,C18,XXXXX,AMD,"3-Abz, ORN, ORN, ORN, ORN","{""1"": ""3-Abz"", ""2"": ""ORN"", ""3"": ""ORN"", ""4"": ""ORN"", ""5"": ""ORN""}",18103,Aspergillus fumigatus IGMC/LM1/0336,MIC,MIC,2,µg/ml,,,,RPMI-1640,2.5E3,1E3 - 1E4,Fluconazole resistant clinical isolates,1
18103,C18,XXXXX,AMD,"3-Abz, ORN, ORN, ORN, ORN","{""1"": ""3-Abz"", ""2"": ""ORN"", ""3"": ""ORN"", ""4"": ""ORN"", ""5"": ""ORN""}",18103,Aspergillus niger ATCC 64028,MIC,MIC,1.5,µg/ml,,,,RPMI-1640,2.5E3,1E3 - 1E4,,1
22615,C18,SRR,AMD,,{},22615,Enterococcus faecium ATCC 700221,MIC,MIC,8,µg/ml,,,,MHB,5E5,1E5 - 1E6,,1
22615,C18,SRR,AMD,,{},22615,Staphylococcus aureus ATCC 33591,MIC,MIC,16,µg/ml,,,,MHB,5E5,1E5 - 1E6,,1
22615,C18,SRR,AMD,,{},22615,Klebsiella pneumoniae ATCC 700603,MIC,MIC,16,µg/ml,,,,MHB,5E5,1E5 - 1E6,,1
22615,C18,SRR,AMD,,{},22615,Acinetobacter baumannii ATCC BAA-1605,MIC,MIC,32,µg/ml,,,,MHB,5E5,1E5 - 1E6,,1
22615,C18,SRR,AMD,,{},22615,Pseudomonas aeruginosa ATCC 9027,MIC,MIC,64,µg/ml,,,,MHB,5E5,1E5 - 1E6,,1
22615,C18,SRR,AMD,,{},22615,Klebsiella aerogenes ATCC 13048,MIC,MIC,16,µg/ml,,,,MHB,5E5,1E5 - 1E6,,1
22615,C18,SRR,AMD,,{},22615,Candida glabrata ATCC 15126,MIC,MIC,4,µg/ml,,,,RPMI-1640,2E3,1E3 - 1E4,,1
22618,C18,RSR,AMD,,{},22618,Enterococcus faecium ATCC 700221,MIC,MIC,8,µg/ml,,,,MHB,5E5,1E5 - 1E6,,1
22618,C18,RSR,AMD,,{},22618,Staphylococcus aureus ATCC 33591,MIC,MIC,16,µg/ml,,,,MHB,5E5,1E5 - 1E6,,1
22618,C18,RSR,AMD,,{},22618,Klebsiella pneumoniae ATCC 700603,MIC,MIC,32,µg/ml,,,,MHB,5E5,1E5 - 1E6,,1
22618,C18,RSR,AMD,,{},22618,Acinetobacter baumannii ATCC BAA-1605,MIC,MIC,64,µg/ml,,,,MHB,5E5,1E5 - 1E6,,1
22618,C18,RSR,AMD,,{},22618,Pseudomonas aeruginosa ATCC 9027,MIC,MIC,64,µg/ml,,,,MHB,5E5,1E5 - 1E6,,1
22618,C18,RSR,AMD,,{},22618,Klebsiella aerogenes ATCC 13048,MIC,MIC,32,µg/ml,,,,MHB,5E5,1E5 - 1E6,,1
22618,C18,RSR,AMD,,{},22618,Candida glabrata ATCC 15126,MIC,MIC,4,µg/ml,,,,RPMI-1640,2E3,1E3 - 1E4,,1
22621,C18,RRS,AMD,,{},22621,Enterococcus faecium ATCC 700221,MIC,MIC,8,µg/ml,,,,MHB,5E5,1E5 - 1E6,,1
22621,C18,RRS,AMD,,{},22621,Staphylococcus aureus ATCC 33591,MIC,MIC,8,µg/ml,,,,MHB,5E5,1E5 - 1E6,,1
22621,C18,RRS,AMD,,{},22621,Klebsiella pneumoniae ATCC 700603,MIC,MIC,16,µg/ml,,,,MHB,5E5,1E5 - 1E6,,1
22621,C18,RRS,AMD,,{},22621,Acinetobacter baumannii ATCC BAA-1605,MIC,MIC,32,µg/ml,,,,MHB,5E5,1E5 - 1E6,,1
22621,C18,RRS,AMD,,{},22621,Pseudomonas aeruginosa ATCC 9027,MIC,MIC,64,µg/ml,,,,MHB,5E5,1E5 - 1E6,,1
22621,C18,RRS,AMD,,{},22621,Klebsiella aerogenes ATCC 13048,MIC,MIC,32,µg/ml,,,,MHB,5E5,1E5 - 1E6,,1
22621,C18,RRS,AMD,,{},22621,Candida glabrata ATCC 15126,MIC,MIC,4,µg/ml,,,,RPMI-1640,2E3,1E3 - 1E4,,1
22624,C18,XRR,AMD,SER(GlcNAc),"{""1"": ""SER(GlcNAc)""}",22624,Enterococcus faecium ATCC 700221,MIC,MIC,16,µg/ml,,,,MHB,5E5,1E5 - 1E6,,1
22624,C18,XRR,AMD,SER(GlcNAc),"{""1"": ""SER(GlcNAc)""}",22624,Staphylococcus aureus ATCC 33591,MIC,MIC,16,µg/ml,,,,MHB,5E5,1E5 - 1E6,,1
22624,C18,XRR,AMD,SER(GlcNAc),"{""1"": ""SER(GlcNAc)""}",22624,Klebsiella pneumoniae ATCC 700603,MIC,MIC,64,µg/ml,,,,MHB,5E5,1E5 - 1E6,,1
22624,C18,XRR,AMD,SER(GlcNAc),"{""1"": ""SER(GlcNAc)""}",22624,Acinetobacter baumannii ATCC BAA-1605,MIC,MIC,16,µg/ml,,,,MHB,5E5,1E5 - 1E6,,1
22624,C18,XRR,AMD,SER(GlcNAc),"{""1"": ""SER(GlcNAc)""}",22624,Pseudomonas aeruginosa ATCC 9027,MIC,MIC,32,µg/ml,,,,MHB,5E5,1E5 - 1E6,,1
22624,C18,XRR,AMD,SER(GlcNAc),"{""1"": ""SER(GlcNAc)""}",22624,Klebsiella aerogenes ATCC 13048,MIC,MIC,32,µg/ml,,,,MHB,5E5,1E5 - 1E6,,1
22624,C18,XRR,AMD,SER(GlcNAc),"{""1"": ""SER(GlcNAc)""}",22624,Candida glabrata ATCC 15126,MIC,MIC,4,µg/ml,,,,RPMI-1640,2E3,1E3 - 1E4,,1
22627,C18,RXR,AMD,SER(GlcNAc),"{""2"": ""SER(GlcNAc)""}",22627,Enterococcus faecium ATCC 700221,MIC,MIC,8,µg/ml,,,,MHB,5E5,1E5 - 1E6,,1
22627,C18,RXR,AMD,SER(GlcNAc),"{""2"": ""SER(GlcNAc)""}",22627,Staphylococcus aureus ATCC 33591,MIC,MIC,16,µg/ml,,,,MHB,5E5,1E5 - 1E6,,1
22627,C18,RXR,AMD,SER(GlcNAc),"{""2"": ""SER(GlcNAc)""}",22627,Klebsiella pneumoniae ATCC 700603,MIC,MIC,16,µg/ml,,,,MHB,5E5,1E5 - 1E6,,1
22627,C18,RXR,AMD,SER(GlcNAc),"{""2"": ""SER(GlcNAc)""}",22627,Acinetobacter baumannii ATCC BAA-1605,MIC,MIC,16,µg/ml,,,,MHB,5E5,1E5 - 1E6,,1
22627,C18,RXR,AMD,SER(GlcNAc),"{""2"": ""SER(GlcNAc)""}",22627,Pseudomonas aeruginosa ATCC 9027,MIC,MIC,32,µg/ml,,,,MHB,5E5,1E5 - 1E6,,1
22627,C18,RXR,AMD,SER(GlcNAc),"{""2"": ""SER(GlcNAc)""}",22627,Klebsiella aerogenes ATCC 13048,MIC,MIC,32,µg/ml,,,,MHB,5E5,1E5 - 1E6,,1
22627,C18,RXR,AMD,SER(GlcNAc),"{""2"": ""SER(GlcNAc)""}",22627,Candida glabrata ATCC 15126,MIC,MIC,4,µg/ml,,,,RPMI-1640,2E3,1E3 - 1E4,,1
22630,C18,RRX,AMD,SER(GlcNAc),"{""3"": ""SER(GlcNAc)""}",22630,Enterococcus faecium ATCC 700221,MIC,MIC,8,µg/ml,,,,MHB,5E5,1E5 - 1E6,,1
22630,C18,RRX,AMD,SER(GlcNAc),"{""3"": ""SER(GlcNAc)""}",22630,Staphylococcus aureus ATCC 33591,MIC,MIC,16,µg/ml,,,,MHB,5E5,1E5 - 1E6,,1
22630,C18,RRX,AMD,SER(GlcNAc),"{""3"": ""SER(GlcNAc)""}",22630,Klebsiella pneumoniae ATCC 700603,MIC,MIC,32,µg/ml,,,,MHB,5E5,1E5 - 1E6,,1
22630,C18,RRX,AMD,SER(GlcNAc),"{""3"": ""SER(GlcNAc)""}",22630,Acinetobacter baumannii ATCC BAA-1605,MIC,MIC,32,µg/ml,,,,MHB,5E5,1E5 - 1E6,,1
22630,C18,RRX,AMD,SER(GlcNAc),"{""3"": ""SER(GlcNAc)""}",22630,Pseudomonas aeruginosa ATCC 9027,MIC,MIC,32,µg/ml,,,,MHB,5E5,1E5 - 1E6,,1
22630,C18,RRX,AMD,SER(GlcNAc),"{""3"": ""SER(GlcNAc)""}",22630,Klebsiella aerogenes ATCC 13048,MIC,MIC,32,µg/ml,,,,MHB,5E5,1E5 - 1E6,,1
22630,C18,RRX,AMD,SER(GlcNAc),"{""3"": ""SER(GlcNAc)""}",22630,Candida glabrata ATCC 15126,MIC,MIC,4,µg/ml,,,,RPMI-1640,2E3,1E3 - 1E4,,1
23365,C18,KK,AMD,,{},23365,Staphylococcus aureus ATCC 25923,MIC,MIC,64,µg/ml,,,,MHB,5E5,1E5 - 1E6,,1
23365,C18,KK,AMD,,{},23365,Staphylococcus epidermidis ATCC 14990,MIC,MIC,4,µg/ml,,,,MHB,5E5,1E5 - 1E6,,1
23365,C18,KK,AMD,,{},23365,Escherichia coli ATCC 25922,MIC,MIC,128,µg/ml,,,,MHB,5E5,1E5 - 1E6,,1
23365,C18,KK,AMD,,{},23365,Pseudomonas aeruginosa ATCC 9027,MIC,MIC,64,µg/ml,,,,MHB,1E6,1E5 - 1E6,,1
23365,C18,KK,AMD,,{},23365,Candida albicans ATCC 10231,MIC,MIC,4,µg/ml,,,,RPMI-1640,2E3,1E3 - 1E4,,1
