ID,COMPLEXITY,NAME,N TERMINUS,SEQUENCE,C TERMINUS,SYNTHESIS TYPE,TARGET GROUP,TARGET OBJECT
51,Monomer,,C16,KLlK,AMD,Synthetic,,
838,Monomer,,C16,KAaK,AMD,Synthetic,,
860,Monomer,,C16,KGGk,AMD,Synthetic,,
862,Monomer,,C16,KKkK,AMD,Synthetic,,
863,Monomer,,C16,KkEK,AMD,Synthetic,,
864,Monomer,,C16,GIGk,AMD,Synthetic,,
1124,Monomer,,C16,KK,AMD,Synthetic,,
1125,Monomer,,C16,KK,,Synthetic,,
6197,Monomer,,C16,KGGK,,Synthetic,,
6198,Monomer,,C16,KKKK,,Synthetic,,
6199,Monomer,,C16,KAAK,,Synthetic,,
7322,Monomer,LP11,C16,XX,AMD,Synthetic,,
7342,Monomer,LP17,C16,XXX,AMD,Synthetic,,
7348,Monomer,LP23,C16,XXXX,AMD,Synthetic,,
7542,Monomer,,C16,XXWW,AMD,Synthetic,,
7580,Monomer,,C16,RR,AMD,Synthetic,,
7927,Monomer,C16-KGK ,C16,KGK,AMD,Synthetic,,
7973,Monomer,C16-KKK,C16,KKK,AMD,Synthetic,,
8348,Monomer,,C16,KYR,AMD,Synthetic,,
8473,Monomer,,C16,XRXR,AMD,Synthetic,,
8506,Monomer,,C16,GXK,AMD,Synthetic,,
9257,Monomer,,C16,KpT,AMD,Synthetic,,
9259,Monomer,Melanotropin alpha (11-13),C16,KPV,AMD,Synthetic,,
9261,Monomer,,C16,KpT,,Synthetic,,
9263,Monomer,,C16,KPV,,Synthetic,,
9277,Monomer,,C16,KP,AMD,Synthetic,,
9278,Monomer,,C16,Kp,AMD,Synthetic,,
9279,Monomer,,C16,PV,AMD,Synthetic,,
9280,Monomer,,C16,pS,AMD,Synthetic,,
9281,Monomer,,C16,KPA,AMD,Synthetic,,
9282,Monomer,,C16,KPL,AMD,Synthetic,,
9286,Monomer,,C16,KT,AMD,Synthetic,,
9288,Monomer,,C16,Kt,AMD,Synthetic,,
9291,Monomer,,C16,KV,AMD,Synthetic,,
9292,Monomer,,C16,KA,AMD,Synthetic,,
9294,Monomer,,C16,KF,AMD,Synthetic,,
9295,Monomer,,C16,KH,AMD,Synthetic,,
9296,Monomer,,C16,KG,AMD,Synthetic,,
9297,Monomer,,C16,KL,AMD,Synthetic,,
9298,Monomer,,C16,KS,AMD,Synthetic,,
9299,Monomer,,C16,KI,AMD,Synthetic,,
9300,Monomer,,C16,KY,AMD,Synthetic,,
9301,Monomer,,C16,KW,AMD,Synthetic,,
9302,Monomer,,C16,PK,AMD,Synthetic,,
9303,Monomer,,C16,KD,AMD,Synthetic,,
9304,Monomer,,C16,KR,,Synthetic,,
9305,Monomer,,C16,PK,,Synthetic,,
9306,Monomer,,C16,Kp,,Synthetic,,
9307,Monomer,,C16,KP,,Synthetic,,
9309,Monomer,,C16,KR,AMD,Synthetic,,
9745,Monomer,,C16,KGGK,AMD,Synthetic,,
9746,Monomer,,C16,KkK,AMD,Synthetic,,
10361,Monomer,,C16,KKKK,AMD,Synthetic,,
10362,Monomer,,C16,KGKG,AMD,Synthetic,,
10675,Monomer,,C16,KKKR,AMD,Synthetic,,
10678,Monomer,,C16,KKRK,AMD,Synthetic,,
10680,Monomer,,C16,RKKK,AMD,Synthetic,,
11017,Monomer,,C16,KRK,AMD,Synthetic,,
11018,Monomer,C16-R3,C16,RRR,AMD,Synthetic,,
11033,Monomer,,C16,KAK,AMD,Synthetic,,
11034,Monomer,,C16,KLK,AMD,Synthetic,,
11035,Monomer,,C16,Kk,AMD,Synthetic,,
11150,Monomer,,C16,XXXX,AMD,Synthetic,,
11151,Monomer,,C16,XXXX,AMD,Synthetic,,
11155,Monomer,,C16,XXXX,AMD,Synthetic,,
11156,Monomer,,C16,XXXX,AMD,Synthetic,,
11157,Monomer,,C16,XXXX,AMD,Synthetic,,
11179,Monomer,,C16,XGX,AMD,Synthetic,,
11182,Monomer,,C16,XXX,AMD,Synthetic,,
12103,Monomer,,C16,RRRR,AMD,Synthetic,,
12106,Monomer,,C16,PRRR,AMD,Synthetic,,
12348,Monomer,,C16,KWKW,,Synthetic,,
12362,Monomer,,C16,KKXK,AMD,Synthetic,,
14155,Monomer,,C16,XKKK,AMD,Synthetic,,
14172,Monomer,,C16,KKC,AMD,Synthetic,,
14284,Monomer,,C16,XKKK,AMD,Synthetic,,
14288,Monomer,,C16,XKKK,AMD,Synthetic,,
15268,Monomer,Surfactin-like peptide SLP4,C16,EVll,AMD,Synthetic,,
16365,Monomer,,C16,KLIK,AMD,Synthetic,,
16853,Monomer,,C16,fXXL,,Synthetic,,
16888,Monomer,,C16,KRKK,AMD,Synthetic,,
16890,Monomer,,C16,RRKK,AMD,Synthetic,,
17440,Monomer,Pal-GR4,C16,GRGR,,Synthetic,,
17441,Monomer,D-Pal-GR4,C16,GrGr,,Synthetic,,
17442,Monomer,Pal-GK4,C16,GKGK,,Synthetic,,
17443,Monomer,D-Pal-GK4,C16,GkGk,,Synthetic,,
17444,Monomer,Pal-GOrn4,C16,GXGX,,Synthetic,,
17445,Monomer,D-Pal-GOrn4,C16,GxGx,,Synthetic,,
17446,Monomer,Pal-GDab4,C16,GXGX,,Synthetic,,
17447,Monomer,Pal-GDap4,C16,GXGX,,Synthetic,,
17736,Monomer,C16-R1,C16,RWW,AMD,Synthetic,,
17742,Monomer,C16-R2,C16,RRW,AMD,Synthetic,,
17784,Monomer,C16-W1R2,C16,RWR,AMD,Synthetic,,
17786,Monomer,C16-W1,C16,WRR,AMD,Synthetic,,
17846,Monomer,,C16,KLFK,AMD,Synthetic,,
18097,Monomer,,C16,XXXX,AMD,Synthetic,,
18902,Monomer,Carnosine,C16,XH,,Synthetic,,
22614,Monomer,,C16,SRR,AMD,Synthetic,,
22617,Monomer,,C16,RSR,AMD,Synthetic,,
22620,Monomer,,C16,RRS,AMD,Synthetic,,
22623,Monomer,,C16,XRR,AMD,Synthetic,,
22626,Monomer,,C16,RXR,AMD,Synthetic,,
22629,Monomer,,C16,RRX,AMD,Synthetic,,
23366,Monomer,,C16,KXK,AMD,Synthetic,,
23904,Monomer,MG03,C16,KLLK,AMD,Synthetic,,
23907,Monomer,MG07,C16,XXXX,AMD,Synthetic,,
