ID,COMPLEXITY,NAME,N TERMINUS,SEQUENCE,C TERMINUS,SYNTHESIS TYPE,TARGET GROUP,TARGET OBJECT,Total_sequence ,,Total_sequence 
51,Monomer,,C16,KLlK,AMD,Synthetic,,,ZZZZKLLK01,ZZZZKLLK01,ZZZZKLLK01
838,Monomer,,C16,KAaK,AMD,Synthetic,,,ZZZZKAAK01,ZZZZKAAK01,ZZZZKAAK01
860,Monomer,,C16,KGGk,AMD,Synthetic,,,ZZZZKGGK01,ZZZZKGGK01,ZZZZKGGK01
862,Monomer,,C16,KKkK,AMD,Synthetic,,,ZZZZKKKK01,ZZZZKKKK01,ZZZZKKKK01
863,Monomer,,C16,KkEK,AMD,Synthetic,,,ZZZZKKEK01,ZZZZKKEK01,ZZZZKKEK01
864,Monomer,,C16,GIGk,AMD,Synthetic,,,ZZZZGIGK01,ZZZZGIGK01,ZZZZGIGK01
1124,Monomer,,C16,KK,AMD,Synthetic,,,ZZZZKK01,ZZZZKK01,ZZZZKK01
1125,Monomer,,C16,KK,,Synthetic,,,ZZZZKK00,ZZZZKK00,ZZZZKK00
6197,Monomer,,C16,KGGK,,Synthetic,,,ZZZZKGGK00,ZZZZKGGK00,ZZZZKGGK00
6198,Monomer,,C16,KKKK,,Synthetic,,,ZZZZKKKK00,ZZZZKKKK00,ZZZZKKKK00
6199,Monomer,,C16,KAAK,,Synthetic,,,ZZZZKAAK00,ZZZZKAAK00,ZZZZKAAK00
7322,Monomer,LP11,C16,XX,AMD,Synthetic,,,ZZZZXX01,,ZZZZRR01
7342,Monomer,LP17,C16,XXX,AMD,Synthetic,,,ZZZZXXX01,,ZZZZKGK01
7348,Monomer,LP23,C16,XXXX,AMD,Synthetic,,,ZZZZXXXX01,,ZZZZKKK01
7542,Monomer,,C16,XXWW,AMD,Synthetic,,,ZZZZXXWW01,,ZZZZKYR01
7580,Monomer,,C16,RR,AMD,Synthetic,,,ZZZZRR01,ZZZZRR01,ZZZZKPT01
7927,Monomer,C16-KGK ,C16,KGK,AMD,Synthetic,,,ZZZZKGK01,ZZZZKGK01,ZZZZKPV01
7973,Monomer,C16-KKK,C16,KKK,AMD,Synthetic,,,ZZZZKKK01,ZZZZKKK01,ZZZZKPT00
8348,Monomer,,C16,KYR,AMD,Synthetic,,,ZZZZKYR01,ZZZZKYR01,ZZZZKPV00
8473,Monomer,,C16,XRXR,AMD,Synthetic,,,ZZZZXRXR01,,ZZZZKP01
8506,Monomer,,C16,GXK,AMD,Synthetic,,,ZZZZGXK01,,ZZZZPV01
9257,Monomer,,C16,KpT,AMD,Synthetic,,,ZZZZKPT01,ZZZZKPT01,ZZZZPS01
9259,Monomer,Melanotropin alpha (11-13),C16,KPV,AMD,Synthetic,,,ZZZZKPV01,ZZZZKPV01,ZZZZKPA01
9261,Monomer,,C16,KpT,,Synthetic,,,ZZZZKPT00,ZZZZKPT00,ZZZZKPL01
9263,Monomer,,C16,KPV,,Synthetic,,,ZZZZKPV00,ZZZZKPV00,ZZZZKT01
9277,Monomer,,C16,KP,AMD,Synthetic,,,ZZZZKP01,ZZZZKP01,ZZZZKV01
9278,Monomer,,C16,Kp,AMD,Synthetic,,,ZZZZKP01,ZZZZKP01,ZZZZKA01
9279,Monomer,,C16,PV,AMD,Synthetic,,,ZZZZPV01,ZZZZPV01,ZZZZKF01
9280,Monomer,,C16,pS,AMD,Synthetic,,,ZZZZPS01,ZZZZPS01,ZZZZKH01
9281,Monomer,,C16,KPA,AMD,Synthetic,,,ZZZZKPA01,ZZZZKPA01,ZZZZKG01
9282,Monomer,,C16,KPL,AMD,Synthetic,,,ZZZZKPL01,ZZZZKPL01,ZZZZKL01
9286,Monomer,,C16,KT,AMD,Synthetic,,,ZZZZKT01,ZZZZKT01,ZZZZKS01
9288,Monomer,,C16,Kt,AMD,Synthetic,,,ZZZZKT01,ZZZZKT01,ZZZZKI01
9291,Monomer,,C16,KV,AMD,Synthetic,,,ZZZZKV01,ZZZZKV01,ZZZZKY01
9292,Monomer,,C16,KA,AMD,Synthetic,,,ZZZZKA01,ZZZZKA01,ZZZZKW01
9294,Monomer,,C16,KF,AMD,Synthetic,,,ZZZZKF01,ZZZZKF01,ZZZZPK01
9295,Monomer,,C16,KH,AMD,Synthetic,,,ZZZZKH01,ZZZZKH01,ZZZZKD01
9296,Monomer,,C16,KG,AMD,Synthetic,,,ZZZZKG01,ZZZZKG01,ZZZZKR00
9297,Monomer,,C16,KL,AMD,Synthetic,,,ZZZZKL01,ZZZZKL01,ZZZZPK00
9298,Monomer,,C16,KS,AMD,Synthetic,,,ZZZZKS01,ZZZZKS01,ZZZZKP00
9299,Monomer,,C16,KI,AMD,Synthetic,,,ZZZZKI01,ZZZZKI01,ZZZZKR01
9300,Monomer,,C16,KY,AMD,Synthetic,,,ZZZZKY01,ZZZZKY01,ZZZZKGKG01
9301,Monomer,,C16,KW,AMD,Synthetic,,,ZZZZKW01,ZZZZKW01,ZZZZKKKR01
9302,Monomer,,C16,PK,AMD,Synthetic,,,ZZZZPK01,ZZZZPK01,ZZZZKKRK01
9303,Monomer,,C16,KD,AMD,Synthetic,,,ZZZZKD01,ZZZZKD01,ZZZZRKKK01
9304,Monomer,,C16,KR,,Synthetic,,,ZZZZKR00,ZZZZKR00,ZZZZKRK01
9305,Monomer,,C16,PK,,Synthetic,,,ZZZZPK00,ZZZZPK00,ZZZZRRR01
9306,Monomer,,C16,Kp,,Synthetic,,,ZZZZKP00,ZZZZKP00,ZZZZKAK01
9307,Monomer,,C16,KP,,Synthetic,,,ZZZZKP00,ZZZZKP00,ZZZZKLK01
9309,Monomer,,C16,KR,AMD,Synthetic,,,ZZZZKR01,ZZZZKR01,ZZZZRRRR01
9745,Monomer,,C16,KGGK,AMD,Synthetic,,,ZZZZKGGK01,ZZZZKGGK01,ZZZZPRRR01
9746,Monomer,,C16,KkK,AMD,Synthetic,,,ZZZZKKK01,ZZZZKKK01,ZZZZKWKW00
10361,Monomer,,C16,KKKK,AMD,Synthetic,,,ZZZZKKKK01,ZZZZKKKK01,ZZZZKKC01
10362,Monomer,,C16,KGKG,AMD,Synthetic,,,ZZZZKGKG01,ZZZZKGKG01,ZZZZEVLL01
10675,Monomer,,C16,KKKR,AMD,Synthetic,,,ZZZZKKKR01,ZZZZKKKR01,ZZZZKLIK01
10678,Monomer,,C16,KKRK,AMD,Synthetic,,,ZZZZKKRK01,ZZZZKKRK01,ZZZZKRKK01
10680,Monomer,,C16,RKKK,AMD,Synthetic,,,ZZZZRKKK01,ZZZZRKKK01,ZZZZRRKK01
11017,Monomer,,C16,KRK,AMD,Synthetic,,,ZZZZKRK01,ZZZZKRK01,ZZZZGRGR00
11018,Monomer,C16-R3,C16,RRR,AMD,Synthetic,,,ZZZZRRR01,ZZZZRRR01,ZZZZGKGK00
11033,Monomer,,C16,KAK,AMD,Synthetic,,,ZZZZKAK01,ZZZZKAK01,ZZZZRWW01
11034,Monomer,,C16,KLK,AMD,Synthetic,,,ZZZZKLK01,ZZZZKLK01,ZZZZRRW01
11035,Monomer,,C16,Kk,AMD,Synthetic,,,ZZZZKK01,ZZZZKK01,ZZZZRWR01
11150,Monomer,,C16,XXXX,AMD,Synthetic,,,ZZZZXXXX01,,ZZZZWRR01
11151,Monomer,,C16,XXXX,AMD,Synthetic,,,ZZZZXXXX01,,ZZZZKLFK01
11155,Monomer,,C16,XXXX,AMD,Synthetic,,,ZZZZXXXX01,,ZZZZSRR01
11156,Monomer,,C16,XXXX,AMD,Synthetic,,,ZZZZXXXX01,,ZZZZRSR01
11157,Monomer,,C16,XXXX,AMD,Synthetic,,,ZZZZXXXX01,,ZZZZRRS01
11179,Monomer,,C16,XGX,AMD,Synthetic,,,ZZZZXGX01,,
11182,Monomer,,C16,XXX,AMD,Synthetic,,,ZZZZXXX01,,
12103,Monomer,,C16,RRRR,AMD,Synthetic,,,ZZZZRRRR01,ZZZZRRRR01,
12106,Monomer,,C16,PRRR,AMD,Synthetic,,,ZZZZPRRR01,ZZZZPRRR01,
12348,Monomer,,C16,KWKW,,Synthetic,,,ZZZZKWKW00,ZZZZKWKW00,
12362,Monomer,,C16,KKXK,AMD,Synthetic,,,ZZZZKKXK01,,
14155,Monomer,,C16,XKKK,AMD,Synthetic,,,ZZZZXKKK01,,
14172,Monomer,,C16,KKC,AMD,Synthetic,,,ZZZZKKC01,ZZZZKKC01,
14284,Monomer,,C16,XKKK,AMD,Synthetic,,,ZZZZXKKK01,,
14288,Monomer,,C16,XKKK,AMD,Synthetic,,,ZZZZXKKK01,,
15268,Monomer,Surfactin-like peptide SLP4,C16,EVll,AMD,Synthetic,,,ZZZZEVLL01,ZZZZEVLL01,
16365,Monomer,,C16,KLIK,AMD,Synthetic,,,ZZZZKLIK01,ZZZZKLIK01,
16853,Monomer,,C16,fXXL,,Synthetic,,,ZZZZFXXL00,,
16888,Monomer,,C16,KRKK,AMD,Synthetic,,,ZZZZKRKK01,ZZZZKRKK01,
16890,Monomer,,C16,RRKK,AMD,Synthetic,,,ZZZZRRKK01,ZZZZRRKK01,
17440,Monomer,Pal-GR4,C16,GRGR,,Synthetic,,,ZZZZGRGR00,ZZZZGRGR00,
17441,Monomer,D-Pal-GR4,C16,GrGr,,Synthetic,,,ZZZZGRGR00,ZZZZGRGR00,
17442,Monomer,Pal-GK4,C16,GKGK,,Synthetic,,,ZZZZGKGK00,ZZZZGKGK00,
17443,Monomer,D-Pal-GK4,C16,GkGk,,Synthetic,,,ZZZZGKGK00,ZZZZGKGK00,
17444,Monomer,Pal-GOrn4,C16,GXGX,,Synthetic,,,ZZZZGXGX00,,
17445,Monomer,D-Pal-GOrn4,C16,GxGx,,Synthetic,,,ZZZZGXGX00,,
17446,Monomer,Pal-GDab4,C16,GXGX,,Synthetic,,,ZZZZGXGX00,,
17447,Monomer,Pal-GDap4,C16,GXGX,,Synthetic,,,ZZZZGXGX00,,
17736,Monomer,C16-R1,C16,RWW,AMD,Synthetic,,,ZZZZRWW01,ZZZZRWW01,
17742,Monomer,C16-R2,C16,RRW,AMD,Synthetic,,,ZZZZRRW01,ZZZZRRW01,
17784,Monomer,C16-W1R2,C16,RWR,AMD,Synthetic,,,ZZZZRWR01,ZZZZRWR01,
17786,Monomer,C16-W1,C16,WRR,AMD,Synthetic,,,ZZZZWRR01,ZZZZWRR01,
17846,Monomer,,C16,KLFK,AMD,Synthetic,,,ZZZZKLFK01,ZZZZKLFK01,
18097,Monomer,,C16,XXXX,AMD,Synthetic,,,ZZZZXXXX01,,
18902,Monomer,Carnosine,C16,XH,,Synthetic,,,ZZZZXH00,,
22614,Monomer,,C16,SRR,AMD,Synthetic,,,ZZZZSRR01,ZZZZSRR01,
22617,Monomer,,C16,RSR,AMD,Synthetic,,,ZZZZRSR01,ZZZZRSR01,
22620,Monomer,,C16,RRS,AMD,Synthetic,,,ZZZZRRS01,ZZZZRRS01,
22623,Monomer,,C16,XRR,AMD,Synthetic,,,ZZZZXRR01,,
22626,Monomer,,C16,RXR,AMD,Synthetic,,,ZZZZRXR01,,
22629,Monomer,,C16,RRX,AMD,Synthetic,,,ZZZZRRX01,,
23366,Monomer,,C16,KXK,AMD,Synthetic,,,ZZZZKXK01,,
23904,Monomer,MG03,C16,KLLK,AMD,Synthetic,,,ZZZZKLLK01,ZZZZKLLK01,
23907,Monomer,MG07,C16,XXXX,AMD,Synthetic,,,ZZZZXXXX01,,
